"NAME","TYPE","NodeDescription","NodeMinimumPressure","NodePressure","NodeSymbolName","NodeStatus","NodeXCoordinate","NodeYCoordinate","NodeFlowByCategory(Base Thermal)","NodeFlowByCategory(Base Volumetric)","NodeFlowByCategory(C1)","NodeFlowByCategory(C2)","NodeFlowByCategory(C4)","NodeFlowByCategory(D1)","NodeFlowByCategory(DC)","NodeFlowByCategory(PL-AF)","NodeThermalFlow","NodeResultFlow","NodeFlowProfileNameByCategory(Base Thermal)","NodeFlowProfileNameByCategory(Base Volumetric)","NodeFlowProfileNameByCategory(C1)","NodeFlowProfileNameByCategory(C2)","NodeFlowProfileNameByCategory(C4)","NodeFlowProfileNameByCategory(D1)","NodeFlowProfileNameByCategory(DC)","NodeFlowProfileNameByCategory(PL-AF)"
"64305700000104","Nodes","104",21.000000,74.530721,"Default Known Flow Node","Known Flow",311882.435022,674946.360869,,0.000000,,,,,,,0.000000,0.000000,,"",,,,,,
"64305700001003","Nodes","P10124365, NEW LISTON ROAD, 179.27SCMH",25.000000,25.779110,"CSEP DDS Matched","Known Flow",312386.032178,674126.231278,,0.000000,,,,,-104.999997,,-93.892876,-104.999997,,"",,,,,"DC PROFILE",
"64305700000021","Nodes","21",21.000000,28.208331,"DDS demands","Known Flow",312284.614131,674313.600696,,0.000000,,,,-4.829999,,,-4.319072,-4.829999,,"",,,,"D1 PROFILE",,
"64305710000023","Nodes","10000023",21.000000,28.117421,"Default Known Flow Node","Known Flow",312273.785128,674317.344697,,0.000000,,,,,,,0.000000,0.000000,,"",,,,,,
"64305700000200","Nodes","Logger 9674, Toddshill Road",21.000000,27.798371,"Val Log Cath","Known Flow",312221.831763,674304.561255,,0.000000,,,,-4.419999,,,-3.952443,-4.419999,,"",,,,"D1 PROFILE",,
"64305700000053","Nodes","53",21.000000,27.528185,"DDS demands","Known Flow",312184.396901,674320.208301,,0.000000,,,,-6.890000,,,-6.161161,-6.890000,,"",,,,"D1 PROFILE",,
"64305700000065","Nodes","65",21.000000,26.501175,"Default Known Flow Node","Known Flow",312387.969159,674186.814662,,0.000000,,,,,,,0.000000,0.000000,,"",,,,,,
"64305701462511","Nodes","1462511",21.000000,27.940164,"Default Known Flow Node","Known Flow",312382.720158,674256.200681,,0.000000,,,,,,,0.000000,0.000000,,"",,,,,,
"64305700000049","Nodes","49",21.000000,27.135275,"DDS demands","Known Flow",312213.923112,674486.895744,,0.000000,,,,-14.630000,,,-13.082408,-14.630000,,"",,,,"D1 PROFILE",,
"64305700000048","Nodes","48",21.000000,26.604260,"DDS demands","Known Flow",312137.200166,674468.846372,,0.000000,,,,-14.959999,,,-13.377499,-14.959999,,"",,,,"D1 PROFILE",,
"64305700000113","Nodes","113",21.000000,28.848682,"DDS demands","Known Flow",312280.959195,674453.973081,,0.000000,,,,-8.399999,,,-7.511430,-8.399999,,"",,,,"D1 PROFILE",,
"64305700000114","Nodes","114",21.000000,28.029726,"DDS demands","Known Flow",312388.430159,674473.608740,,0.000000,,,,-10.989999,,,-9.827454,-10.989999,,"",,,,"D1 PROFILE",,
"64305710000055","Nodes","10000055",21.000000,27.814301,"Default Known Flow Node","Known Flow",312420.033168,674462.921737,,0.000000,,,,,,,0.000000,0.000000,,"",,,,,,
"64305710000045","Nodes","10000045",21.000000,27.370712,"Default Known Flow Node","Known Flow",312445.403175,674448.423733,,0.000000,,,,,,,0.000000,0.000000,,"",,,,,,
"64305710000043","Nodes","10000043",21.000000,27.105918,"Default Known Flow Node","Known Flow",312424.444169,674432.525729,,0.000000,,,,,,,0.000000,0.000000,,"",,,,,,
"64305700000055","Nodes","55",21.000000,27.372900,"DDS demands","Known Flow",312377.232156,674261.375682,,0.000000,,,,-12.170000,,,-10.882632,-12.170000,,"",,,,"D1 PROFILE",,
"64305701462527","Nodes","1462527",21.000000,27.416525,"Default Known Flow Node","Known Flow",312372.876155,674270.253685,,0.000000,,,,,,,0.000000,0.000000,,"",,,,,,
"64305700000101","Nodes","101",21.000000,27.523223,"Default Known Flow Node","Known Flow",312387.997159,674266.820684,,0.000000,,,,,,,0.000000,0.000000,,"",,,,,,
"64305700000118","Nodes","118",21.000000,28.470287,"DDS demands","Known Flow",312271.742128,674352.137707,,0.000000,,,,-4.159999,,,-3.719946,-4.159999,,"",,,,"D1 PROFILE",,
"64305700000031","Nodes","31",21.000000,27.931690,"DDS demands","Known Flow",312304.511137,674352.295707,,0.000000,,,,-5.160000,,,-4.614164,-5.160000,,"",,,,"D1 PROFILE",,
"64305700000054","Nodes","54",21.000000,28.215949,"DDS demands","Known Flow",312282.967192,674317.072904,,0.000000,,,,-15.959999,,,-14.271717,-15.959999,,"",,,,"D1 PROFILE",,
"64305700000056","Nodes","56",21.000000,26.215907,"DDS demands","Known Flow",312108.496083,674466.774738,,0.000000,,,,-13.409999,,,-11.991461,-13.409999,,"",,,,"D1 PROFILE",,
"64305710000051","Nodes","10000051",21.000000,28.242875,"Default Known Flow Node","Known Flow",312351.332012,674453.940231,,0.000000,,,,,,,0.000000,0.000000,,"",,,,,,
"64305701462555","Nodes","1462555",21.000000,28.758286,"Default Known Flow Node","Known Flow",312313.139528,674437.670549,,0.000000,,,,,,,0.000000,0.000000,,"",,,,,,
"64305700000119","Nodes","119",21.000000,27.349689,"DDS demands","Known Flow",312341.020655,674403.358705,,0.000000,,,,-11.319999,,,-10.122546,-11.319999,,"",,,,"D1 PROFILE",,
"64305700000130","Nodes","130",21.000000,27.888077,"Default Known Flow Node","Known Flow",312333.909145,674335.420702,,0.000000,,,,,,,0.000000,0.000000,,"",,,,,,
"64305700000046","Nodes","46",21.000000,28.220401,"DDS demands","Known Flow",312361.290293,674451.215700,,0.000000,,,,-6.220000,,,-5.562035,-6.220000,,"",,,,"D1 PROFILE",,
"64305701462519","Nodes","1462519",21.000000,27.814301,"Default Known Flow Node","Known Flow",312424.231169,674489.671744,,0.000000,,,,,,,0.000000,0.000000,,"",,,,,,
"64305701462533","Nodes","1462533",21.000000,27.193251,"Default Known Flow Node","Known Flow",312449.530176,674423.673726,,0.000000,,,,,,,0.000000,0.000000,,"",,,,,,
"64305700000116","Nodes","116",21.000000,26.698355,"DDS demands","Known Flow",312395.759161,674390.019717,,0.000000,,,,-12.700000,,,-11.356567,-12.700000,,"",,,,"D1 PROFILE",,
"64305700000111","Nodes","111",21.000000,26.593447,"DDS demands","Known Flow",312533.104949,674337.731515,,0.000000,-9.540000,,,-3.819999,,,-11.946751,-13.359999,,"","C1 PROFILE",,,"D1 PROFILE",,
"64305700000029","Nodes","29",21.000000,23.190840,"DDS demands","Known Flow",312673.483288,674340.468566,,0.000000,,,,-5.280000,,,-4.721470,-5.280000,,"",,,,"D1 PROFILE",,
"64305701462478","Nodes","1462478",21.000000,22.259190,"Default Known Flow Node","Known Flow",312542.022201,674493.964745,,0.000000,,,,,,,0.000000,0.000000,,"",,,,,,
"64305710000064","Nodes","10000064",21.000000,22.259190,"Default Known Flow Node","Known Flow",312542.952754,674493.890760,,0.000000,,,,,,,0.000000,0.000000,,"",,,,,,
"64305700000135","Nodes","135",21.000000,24.505230,"Default Known Flow Node","Known Flow",312575.922210,674441.730731,,0.000000,,,,,,,0.000000,0.000000,,"",,,,,,
"64305710000061","Nodes","10000061",21.000000,26.452201,"Default Known Flow Node","Known Flow",312593.430215,674480.937742,,0.000000,,,,,,,0.000000,0.000000,,"",,,,,,
"64305710000060","Nodes","10000060",21.000000,26.440759,"Default Known Flow Node","Known Flow",312594.177215,674478.575741,,0.000000,,,,,,,0.000000,0.000000,,"",,,,,,
"64305701462523","Nodes","1462523",21.000000,26.263358,"Default Known Flow Node","Known Flow",312609.950220,674425.951727,,0.000000,,,,,,,0.000000,0.000000,,"",,,,,,
"64305700000133","Nodes","133",21.000000,26.219595,"DDS demands","Known Flow",312610.934220,674422.879726,,0.000000,,,,-8.560000,,,-7.654505,-8.560000,,"",,,,"D1 PROFILE",,
"64305700000057","Nodes","57",21.000000,26.219680,"DDS demands","Known Flow",312615.239221,674375.930713,,0.000000,,,,-11.779999,,,-10.533886,-11.779999,,"",,,,"D1 PROFILE",,
"64305700000105","Nodes","105",21.000000,24.641009,"DDS demands","Known Flow",312685.449069,674376.832771,,0.000000,,,,-8.529999,,,-7.627678,-8.529999,,"",,,,"D1 PROFILE",,
"64305700000110","Nodes","110",21.000000,24.509508,"Default Known Flow Node","Known Flow",312704.137245,674369.432712,,0.000000,,,,,,,0.000000,0.000000,,"",,,,,,
"64305700000112","Nodes","112",21.000000,26.456851,"DDS demands","Known Flow",312528.212458,674385.283997,,0.000000,,,,-6.380000,,,-5.705110,-6.380000,,"",,,,"D1 PROFILE",,
"64305710000020","Nodes","10000020",21.000000,21.739966,"Default Known Flow Node","Known Flow",312675.252237,674311.368696,,0.000000,,,,,,,0.000000,0.000000,,"",,,,,,
"64305701462529","Nodes","1462529",21.000000,23.015054,"Default Known Flow Node","Known Flow",312682.301239,674336.781703,,0.000000,,,,,,,0.000000,0.000000,,"",,,,,,
"64305700000106","Nodes","106",21.000000,21.689886,"DDS demands","Known Flow",312694.871243,674326.000700,,0.000000,,,,-16.809999,,,-15.031803,-16.809999,,"",,,,"D1 PROFILE",,
"64305700000134","Nodes","134",21.000000,24.505230,"Default Known Flow Node","Known Flow",312580.813212,674458.930736,,0.000000,,,,,,,0.000000,0.000000,,"",,,,,,
"64305700000132","Nodes","S12129008, 19-21 STATION ROAD",21.000000,26.265775,"DDS demands","Known Flow",312604.279921,674446.243387,,0.000000,,,,,,-5.400000,-4.828776,-5.400000,,"",,,,,,"PL-AF PROFILE"
"64305701462578","Nodes","1462578",21.000000,26.265775,"Default Known Flow Node","Known Flow",312604.979218,674443.826732,,0.000000,,,,,,,0.000000,0.000000,,"",,,,,,
"64305700000058","Nodes","58",21.000000,26.434207,"DDS demands","Known Flow",312594.699881,674476.941531,,0.000000,,,,-10.920000,,,-9.764859,-10.920000,,"",,,,"D1 PROFILE",,
"64305710000048","Nodes","10000048",21.000000,26.267450,"Default Known Flow Node","Known Flow",312602.511218,674452.355734,,0.000000,,,,,,,0.000000,0.000000,,"",,,,,,
"64305700000063","Nodes","63",21.000000,26.333534,"Default Known Flow Node","Known Flow",312651.986231,674492.024745,,0.000000,,,,,,,0.000000,0.000000,,"",,,,,,
"64305701462568","Nodes","1462568",21.000000,26.440759,"Default Known Flow Node","Known Flow",312593.182215,674478.184741,,0.000000,,,,,,,0.000000,0.000000,,"",,,,,,
"64305710000047","Nodes","10000047",21.000000,26.168906,"Default Known Flow Node","Known Flow",312600.357217,674451.593734,,0.000000,,,,,,,0.000000,0.000000,,"",,,,,,
"64305701462483","Nodes","1462483",21.000000,26.168906,"Default Known Flow Node","Known Flow",312599.439217,674451.268734,,0.000000,,,,,,,0.000000,0.000000,,"",,,,,,
"64305700000124","Nodes","124",21.000000,74.816059,"DDS demands","Known Flow",311945.093039,674652.596789,,0.000000,,,,-17.819999,,,-15.934962,-17.819999,,"",,,,"D1 PROFILE",,
"64305700000125","Nodes","125",21.000000,72.529233,"DDS demands","Known Flow",311849.500013,674702.071802,,0.000000,,,,-6.939999,,,-6.205872,-6.939999,,"",,,,"D1 PROFILE",,
"64305700000126","Nodes","126",21.000000,72.284885,"DDS demands","Known Flow",311877.108020,674723.596808,,0.000000,,,,-11.090000,,,-9.916877,-11.090000,,"",,,,"D1 PROFILE",,
"64305700000127","Nodes","127",21.000000,72.447904,"DDS demands","Known Flow",311852.489014,674766.304820,,0.000000,,,,-4.159999,,,-3.719946,-4.159999,,"",,,,"D1 PROFILE",,
"64305710000065","Nodes","10000065",21.000000,27.983319,"Default Known Flow Node","Known Flow",312390.856160,674518.116752,,0.000000,,,,,,,0.000000,0.000000,,"",,,,,,
"64305700000071","Nodes","71",21.000000,40.819589,"DDS demands","Known Flow",312136.057154,674728.349605,,0.000000,,,,-3.920000,,,-3.505334,-3.920000,,"",,,,"D1 PROFILE",,
"64305700000069","Nodes","69",21.000000,40.864700,"DDS demands","Known Flow",312112.049084,674784.574825,,0.000000,,,,-9.520000,,,-8.512955,-9.520000,,"",,,,"D1 PROFILE",,
"64305700000045","Nodes","45",21.000000,27.008184,"DDS demands","Known Flow",312220.509408,674558.660073,,0.000000,,,,-9.020000,,,-8.065845,-9.020000,,"",,,,"D1 PROFILE",,
"64305700000047","Nodes","47",21.000000,26.071011,"DDS demands","Known Flow",312114.637085,674547.348760,,0.000000,,,,-7.649999,,,-6.840766,-7.649999,,"",,,,"D1 PROFILE",,
"64305700000050","Nodes","50",21.000000,27.289350,"DDS demands","Known Flow",312217.814139,674529.912806,,0.000000,,,,-2.470000,,,-2.208718,-2.470000,,"",,,,"D1 PROFILE",,
"64305700000044","Nodes","44",21.000000,29.170108,"DDS demands","Known Flow",312286.265970,674526.848706,,0.000000,,,,-6.780000,,,-6.062797,-6.780000,,"",,,,"D1 PROFILE",,
"64305700000072","Nodes","72",21.000000,40.766875,"DDS demands","Known Flow",312094.161079,674689.549799,,0.000000,,,,-15.540000,,,-13.896146,-15.540000,,"",,,,"D1 PROFILE",,
"64305700000070","Nodes","70",21.000000,40.864433,"DDS demands","Known Flow",312106.313083,674807.292831,,0.000000,,,,-2.250000,,,-2.011990,-2.250000,,"",,,,"D1 PROFILE",,
"64305700000067","Nodes","67",21.000000,40.900043,"DDS demands","Known Flow",312189.007171,674793.712400,,0.000000,,,,-11.910000,,,-10.650135,-11.910000,,"",,,,"D1 PROFILE",,
"64305700000068","Nodes","68",21.000000,40.856662,"DDS demands","Known Flow",312196.032628,674730.769229,,0.000000,,,,-5.310000,,,-4.748297,-5.310000,,"",,,,"D1 PROFILE",,
"64305700000179","Nodes","179",21.000000,40.966092,"Default Known Flow Node","Known Flow",312240.424071,674799.814780,,0.000000,,,,,,,0.000000,0.000000,,"",,,,,,
"64305700000027","Nodes","27",21.000000,41.178361,"DDS demands","Known Flow",312273.116886,674817.453716,,0.000000,,,,-14.569999,,,-13.028754,-14.569999,,"",,,,"D1 PROFILE",,
"64305700000030","Nodes","30",21.000000,42.164849,"DDS demands","Known Flow",312344.992987,674775.437399,,0.000000,,,,-2.869999,,,-2.566405,-2.869999,,"",,,,"D1 PROFILE",,
"64305701462539","Nodes","1462539",21.000000,42.122179,"Default Known Flow Node","Known Flow",312344.791993,674770.193922,,0.000000,,,,,,,0.000000,0.000000,,"",,,,,,
"64305700000022","Nodes","22",21.000000,42.406136,"DDS demands","Known Flow",312426.603214,674897.414734,,0.000000,,,,-5.090000,,,-4.551569,-5.090000,,"",,,,"D1 PROFILE",,
"64305700000023","Nodes","23",21.000000,42.220398,"DDS demands","Known Flow",312423.268890,674904.325476,,0.000000,,,,-6.119999,,,-5.472613,-6.119999,,"",,,,"D1 PROFILE",,
"64305700000227","Nodes","227",21.000000,42.978689,"Default Known Flow Node","Known Flow",312454.801685,674900.222080,,0.000000,,,,,,,0.000000,0.000000,,"",,,,,,
"64305700000095","Nodes","95",21.000000,23.482058,"DDS demands","Known Flow",312455.770776,674828.797159,,0.000000,,,,-9.909999,,,-8.861699,-9.909999,,"",,,,"D1 PROFILE",,
"64305710000181","Nodes","10000181",21.000000,23.438009,"Default Known Flow Node","Known Flow",312440.719174,674806.999831,,0.000000,,,,,,,0.000000,0.000000,,"",,,,,,
"64305700000061","Nodes","61",21.000000,23.893053,"DDS demands","Known Flow",312484.507186,674777.858823,,0.000000,,,,-0.300000,,,-0.268265,-0.300000,,"",,,,"D1 PROFILE",,
"64305700000034","Nodes","34",21.000000,41.592547,"DDS demands","Known Flow",312354.036752,674694.339436,,0.000000,,,,-4.070000,,,-3.639466,-4.070000,,"",,,,"D1 PROFILE",,
"64305700000033","Nodes","33",21.000000,41.601580,"DDS demands","Known Flow",312348.775149,674739.222812,,0.000000,,,,-4.079999,,,-3.648408,-4.079999,,"",,,,"D1 PROFILE",,
"64305710000130","Nodes","10000130",21.000000,40.809850,"Default Known Flow Node","Known Flow",312247.723559,674679.420642,,0.000000,,,,,,,0.000000,0.000000,,"",,,,,,
"64305700000064","Nodes","64",21.000000,23.902059,"DDS demands","Known Flow",312486.241186,674769.119820,,0.000000,-25.620001,-18.510000,,-5.349999,,,-44.245903,-49.480003,,"","C1 PROFILE","C2 PROFILE",,"D1 PROFILE",,
"64305710000161","Nodes","10000161",21.000000,23.858049,"Default Known Flow Node","Known Flow",312469.255181,674762.682819,,0.000000,,,,,,,0.000000,0.000000,,"",,,,,,
"64305700000059","Nodes","59",21.000000,26.280025,"DDS demands","Known Flow",312706.616246,674504.024748,,0.000000,,,,-10.140000,,,-9.067369,-10.140000,,"",,,,"D1 PROFILE",,
"64305700000122","Nodes","122",21.000000,26.915886,"Default Known Flow Node","Known Flow",312567.687208,674558.086763,,0.000000,,,,,,,0.000000,0.000000,,"",,,,,,
"64305700000060","Nodes","60",21.000000,27.006324,"DDS demands","Known Flow",312580.338847,674562.007889,,0.000000,,,,-14.829999,,,-13.261251,-14.829999,,"",,,,"D1 PROFILE",,
"64305700000121","Nodes","121",21.000000,26.879697,"DDS demands","Known Flow",312549.182203,674556.460762,,0.000000,,,-5.559999,,,,-4.971851,-5.559999,,"",,,"C4 PROFILE",,,
"64305700000109","Nodes","109",21.000000,28.097492,"DDS demands","Known Flow",312558.633533,674577.548827,,0.000000,,,-3.209999,-6.409999,,,-8.602375,-9.619999,,"",,,"C4 PROFILE","D1 PROFILE",,
"64305700000080","Nodes","80",21.000000,28.188788,"Default Known Flow Node","Known Flow",312556.437877,674573.564451,,0.000000,,,,,,,0.000000,0.000000,,"",,,,,,
"64305700000052","Nodes","52",21.000000,27.020921,"DDS demands","Known Flow",312118.568086,674372.813713,,0.000000,,,,-15.220000,,,-13.609997,-15.220000,,"",,,,"D1 PROFILE",,
"64305700000051","Nodes","51",21.000000,27.322412,"DDS demands","Known Flow",312097.645080,674385.703716,,0.000000,,,,-1.630000,,,-1.457575,-1.630000,,"",,,,"D1 PROFILE",,
"64305710000033","Nodes","10000033",21.000000,27.043456,"Default Known Flow Node","Known Flow",312121.536822,674370.981579,,0.000000,,,,,,,0.000000,0.000000,,"",,,,,,
"64305701462547","Nodes","1462547",21.000000,28.216444,"Default Known Flow Node","Known Flow",312282.889780,674317.288600,,0.000000,,,,,,,0.000000,0.000000,,"",,,,,,
"64305710000036","Nodes","10000036",21.000000,27.001536,"Default Known Flow Node","Known Flow",312123.095541,674374.263310,,0.000000,,,,,,,0.000000,0.000000,,"",,,,,,
"64305700000025","Nodes","25",21.000000,27.508745,"DDS demands","Known Flow",312182.907271,674321.536550,,0.000000,,,,-10.119999,,,-9.049484,-10.119999,,"",,,,"D1 PROFILE",,
"64305701462509","Nodes","1462509",21.000000,27.016372,"Default Known Flow Node","Known Flow",312120.244718,674373.788590,,0.000000,,,,,,,0.000000,0.000000,,"",,,,,,
"64305701462579","Nodes","1462579",21.000000,28.117421,"Default Known Flow Node","Known Flow",312276.485129,674318.574698,,0.000000,,,,,,,0.000000,0.000000,,"",,,,,,
"64305700000141","Nodes","141",21.000000,74.493505,"Default Known Flow Node","Known Flow",311860.214947,674888.090003,,0.000000,,,,,,,0.000000,0.000000,,"",,,,,,
"64305700000140","Nodes","140",21.000000,74.497565,"DDS demands","Known Flow",311845.219012,674848.100842,,0.000000,,,,-6.419999,,,-5.740878,-6.419999,,"",,,,"D1 PROFILE",,
"64305700000136","Nodes","136",21.000000,73.727081,"DDS demands","Known Flow",311898.347026,674859.718845,,0.000000,,,,-9.330000,,,-8.343053,-9.330000,,"",,,,"D1 PROFILE",,
"64305700000191","Nodes","191",21.000000,73.976345,"Default Known Flow Node","Known Flow",311889.094024,674835.356838,,0.000000,,,,,,,0.000000,0.000000,,"",,,,,,
"64305700000155","Nodes","155",21.000000,74.669535,"DDS demands","Known Flow",311952.575041,674741.417813,,0.000000,,,,-10.930000,,,-9.773801,-10.930000,,"",,,,"D1 PROFILE",,
"64305700000013","Nodes","13",21.000000,74.973374,"Default Known Flow Node","Known Flow",311970.859046,674640.720785,,0.000000,,,,,,,0.000000,0.000000,,"",,,,,,
"64305710000111","Nodes","10000111",21.000000,74.963231,"Default Known Flow Node","Known Flow",311982.950049,674646.936787,,0.000000,,,,,,,0.000000,0.000000,,"",,,,,,
"64305710000109","Nodes","10000109",21.000000,74.959968,"Default Known Flow Node","Known Flow",311988.981051,674646.461787,,0.000000,,,,,,,0.000000,0.000000,,"",,,,,,
"64305701462516","Nodes","1462516",21.000000,74.963231,"Default Known Flow Node","Known Flow",311991.824051,674635.613784,,0.000000,,,,,,,0.000000,0.000000,,"",,,,,,
"64305701462587","Nodes","1462587",21.000000,74.959968,"Default Known Flow Node","Known Flow",311989.235051,674658.858790,,0.000000,,,,,,,0.000000,0.000000,,"",,,,,,
"64305700000128","Nodes","128",21.000000,74.502192,"DDS demands","Known Flow",311834.727009,674799.978829,,0.000000,,,,-17.780000,,,-15.899194,-17.780000,,"",,,,"D1 PROFILE",,
"64305704904555","Nodes","4904555",21.000000,73.707142,"Default Known Flow Node","Known Flow",311922.650023,674819.768264,,0.000000,,,,,,,0.000000,0.000000,,"",,,,,,
"64305700000138","Nodes","138",21.000000,73.552498,"DDS demands","Known Flow",311971.419540,674893.422901,,0.000000,,,,-5.229999,,,-4.676759,-5.229999,,"",,,,"D1 PROFILE",,
"64305700000142","Nodes","142",21.000000,73.497141,"DDS demands","Known Flow",311952.776041,674809.125831,,0.000000,,,,-13.340000,,,-11.928867,-13.340000,,"",,,,"D1 PROFILE",,
"64305701462493","Nodes","1462493",21.000000,73.537522,"Default Known Flow Node","Known Flow",311962.753044,674832.478838,,0.000000,,,,,,,0.000000,0.000000,,"",,,,,,
"64305710000126","Nodes","10000126",21.000000,74.948864,"Default Known Flow Node","Known Flow",311984.620050,674670.323793,,0.000000,,,,,,,0.000000,0.000000,,"",,,,,,
"64305701462469","Nodes","1462469",21.000000,74.948864,"Default Known Flow Node","Known Flow",311982.709049,674685.056797,,0.000000,,,,,,,0.000000,0.000000,,"",,,,,,
"64305700000139","Nodes","139",21.000000,73.512100,"Default Known Flow Node","Known Flow",311963.247044,674853.995843,,0.000000,,,,,,,0.000000,0.000000,,"",,,,,,
"64305700000151","Nodes","151",21.000000,74.948864,"DDS demands","Known Flow",312006.351055,674653.585789,,0.000000,,,,-2.840000,,,-2.539578,-2.840000,,"",,,,"D1 PROFILE",,
"64305710000151","Nodes","10000151",21.000000,73.162226,"Default Known Flow Node","Known Flow",312021.476060,674725.835809,,0.000000,,,,,,,0.000000,0.000000,,"",,,,,,
"64305700000040","Nodes","40",21.000000,36.232627,"DDS demands","Known Flow",312432.980172,674647.059787,,0.000000,,,,-17.719999,,,-15.845541,-17.719999,,"",,,,"D1 PROFILE",,
"64305700000148","Nodes","148",21.000000,36.281194,"Default Known Flow Node","Known Flow",312398.877162,674644.604786,,0.000000,,,,,,,0.000000,0.000000,,"",,,,,,
"64305710000127","Nodes","10000127",21.000000,74.948864,"Default Known Flow Node","Known Flow",312010.976057,674672.460794,,0.000000,,,,,,,0.000000,0.000000,,"",,,,,,
"64305710000153","Nodes","10000153",21.000000,36.256101,"Default Known Flow Node","Known Flow",312421.728168,674735.143811,,0.000000,,,,,,,0.000000,0.000000,,"",,,,,,
"64305700000041","Nodes","41",21.000000,36.247935,"DDS demands","Known Flow",312420.283168,674744.921814,,0.000000,,,,-9.119999,,,-8.155266,-9.119999,,"",,,,"D1 PROFILE",,
"64305700000143","Nodes","143",21.000000,70.326498,"DDS demands","Known Flow",312042.476065,674820.460834,,0.000000,,,,-14.600000,,,-13.055581,-14.600000,,"",,,,"D1 PROFILE",,
"64305710000113","Nodes","10000113",21.000000,36.229253,"Default Known Flow Node","Known Flow",312442.991174,674647.718787,,0.000000,,,,,,,0.000000,0.000000,,"",,,,,,
"64305700000153","Nodes","153",21.000000,74.948864,"Default Known Flow Node","Known Flow",312012.101057,674678.460796,,0.000000,,,,,,,0.000000,0.000000,,"",,,,,,
"64305701462585","Nodes","1462585",21.000000,36.256101,"Default Known Flow Node","Known Flow",312411.048166,674748.353815,,0.000000,,,,,,,0.000000,0.000000,,"",,,,,,
"64305710000138","Nodes","10000138",21.000000,36.201283,"Default Known Flow Node","Known Flow",312432.584076,674696.435875,,0.000000,,,,,,,0.000000,0.000000,,"",,,,,,
"64305710000141","Nodes","10000141",21.000000,36.196796,"Default Known Flow Node","Known Flow",312431.103058,674704.070401,,0.000000,,,,,,,0.000000,0.000000,,"",,,,,,
"64305700000039","Nodes","39",21.000000,36.301775,"DDS demands","Known Flow",312384.449158,674646.493787,,0.000000,,,,-4.050000,,,-3.621582,-4.050000,,"",,,,"D1 PROFILE",,
"64305710000114","Nodes","10000114",21.000000,36.281194,"Default Known Flow Node","Known Flow",312397.357162,674652.928789,,0.000000,,,,,,,0.000000,0.000000,,"",,,,,,
"64305700000149","Nodes","149",21.000000,36.281194,"Default Known Flow Node","Known Flow",312408.596150,674653.345917,,0.000000,,,,,,,0.000000,0.000000,,"",,,,,,
"64305701462494","Nodes","1462494",21.000000,36.281194,"Default Known Flow Node","Known Flow",312419.123712,674654.371595,,0.000000,,,,,,,0.000000,0.000000,,"",,,,,,
"64305701462491","Nodes","1462491",21.000000,36.281194,"Default Known Flow Node","Known Flow",312370.433154,674659.782791,,0.000000,,,,,,,0.000000,0.000000,,"",,,,,,
"64305700000152","Nodes","152",21.000000,74.948864,"Default Known Flow Node","Known Flow",312016.476058,674653.335789,,0.000000,,,,,,,0.000000,0.000000,,"",,,,,,
"64305710000118","Nodes","10000118",21.000000,74.908598,"Default Known Flow Node","Known Flow",312024.976060,674653.460789,,0.000000,,,,,,,0.000000,0.000000,,"",,,,,,
"64305701462486","Nodes","1462486",21.000000,73.162226,"Default Known Flow Node","Known Flow",312021.476060,674727.710809,,0.000000,,,,,,,0.000000,0.000000,,"",,,,,,
"64305700000235","Nodes","235",21.000000,74.490406,"DDS demands","Known Flow",311871.791950,674918.588471,,0.000000,,,,-6.939999,,,-6.205872,-6.939999,,"",,,,"D1 PROFILE",,
"64305700000237","Nodes","237",21.000000,73.666999,"Default Known Flow Node","Known Flow",311810.716002,674948.332869,,0.000000,,,,,,,0.000000,0.000000,,"",,,,,,
"64305710000068","Nodes","10000068",21.000000,26.003749,"DDS demands","Known Flow",312113.863064,674537.119488,,0.000000,,-33.180000,,,,,-29.670149,-33.180000,,"",,"C2 PROFILE",,,,
"64305700000189","Nodes","189",21.000000,70.263005,"Default Known Flow Node","Known Flow",312042.601065,674833.710838,,0.000000,,,,,,,0.000000,0.000000,,"",,,,,,
"64305700001000","Nodes","1000",21.000000,26.213717,"Default Known Flow Node","Known Flow",312109.370923,674479.430975,,0.000000,,,,,,,0.000000,0.000000,,"",,,,,,
"64305700001001","Nodes","1001",21.000000,26.884392,"Default Known Flow Node","Known Flow",312385.151756,674223.704633,,0.000000,,,,,,,0.000000,0.000000,,"",,,,,,
"64305700000123","Nodes","Newmains DG, Constant, Site ID 5933",21.000000,74.999996,"Default Known Pressure Node","Known Pressure",311970.107046,674624.851781,,1979.600015,,,,,,,238.569917,266.791710,,"",,,,,,
"64305700000043","Nodes","43",21.000000,34.041117,"DDS demands","Known Flow",312371.543155,674605.399776,,0.000000,,,,-4.460000,,,-3.988211,-4.460000,,"",,,,"D1 PROFILE",,
"64305700001002","Nodes","1002",21.000000,34.041117,"Default Known Flow Node","Known Flow",312374.497434,674604.190082,,0.000000,,,,,,,0.000000,0.000000,,"",,,,,,
"64305701462542","Nodes","1462542",21.000000,33.187125,"Default Known Flow Node","Known Flow",312377.845033,674602.632970,,0.000000,,,,,,,0.000000,0.000000,,"",,,,,,
"64305700000081","Nodes","81",21.000000,32.919142,"Default Known Flow Node","Known Flow",312376.430156,674573.306767,,0.000000,,,,,,,0.000000,0.000000,,"",,,,,,
"64305700000091","Nodes","91",21.000000,29.930688,"Default Known Flow Node","Known Flow",312363.408153,674598.669774,,0.000000,,,,,,,0.000000,0.000000,,"",,,,,,
"64305700000094","Nodes","94",21.000000,29.906377,"Default Known Flow Node","Known Flow",312363.737341,674599.731706,,0.000000,,,,,,,0.000000,0.000000,,"",,,,,,
"64305710000053","Nodes","10000053",21.000000,27.337673,"DDS demands","Known Flow",312423.802482,674454.564049,,0.000000,,-13.199999,,0.000000,,,-11.803675,-13.199999,,"",,"",,"C2 PROFILE",,
"64305700000035","Nodes","35",21.000000,38.109800,"DDS demands","Known Flow",312353.743150,674656.815790,,0.000000,,,,-2.890000,,,-2.584289,-2.890000,,"",,,,"D1 PROFILE",,
"64305700000079","Nodes","79",21.000000,27.940164,"Default Known Flow Node","Known Flow",312380.896157,674260.355682,,0.000000,,,,,,,0.000000,0.000000,,"",,,,,,
"64305701462544","Nodes","1462544",21.000000,40.811136,"Default Known Flow Node","Known Flow",312248.745121,674679.404796,,0.000000,,,,,,,0.000000,0.000000,,"",,,,,,
"64305710000136","Nodes","10000136",21.000000,40.766777,"Default Known Flow Node","Known Flow",312094.027079,674691.088799,,0.000000,,,,,,,0.000000,0.000000,,"",,,,,,
"64305700000076","Nodes","76",21.000000,27.012704,"Default Known Flow Node","Known Flow",312582.214274,674563.643021,,0.000000,,,,,,,0.000000,0.000000,,"",,,,,,
"64305710000074","Nodes","10000074",21.000000,27.009922,"Default Known Flow Node","Known Flow",312582.192212,674563.110764,,0.000000,,,,,,,0.000000,0.000000,,"",,,,,,
"64305700000036","Nodes","36",21.000000,40.843429,"DDS demands","Known Flow",312286.655132,674677.275795,,0.000000,,,,-15.630000,,,-13.976626,-15.630000,,"",,,,"D1 PROFILE",,
"64305700000037","Nodes","37",21.000000,40.742008,"DDS demands","Known Flow",312250.036122,674715.443806,,0.000000,,,,-5.729999,,,-5.123868,-5.729999,,"",,,,"D1 PROFILE",,
"64305701462490","Nodes","1462490",21.000000,32.795542,"Default Known Flow Node","Known Flow",312454.844177,674579.689769,,0.000000,,,,,,,0.000000,0.000000,,"",,,,,,
"64305700000084","Nodes","84",21.000000,32.795542,"Default Known Flow Node","Known Flow",312455.121178,674581.570769,,0.000000,,,,,,,0.000000,0.000000,,"",,,,,,
"64305700000085","Nodes","85",21.000000,32.675871,"Default Known Flow Node","Known Flow",312455.343178,674584.077770,,0.000000,,,,,,,0.000000,0.000000,,"",,,,,,
"64305710000122","Nodes","10000122",21.000000,40.937683,"Default Known Flow Node","Known Flow",312348.744691,674661.277195,,0.000000,,,,,,,0.000000,0.000000,,"",,,,,,
"64305701462498","Nodes","1462498",21.000000,41.546782,"Default Known Flow Node","Known Flow",312351.605909,674660.458493,,0.000000,,,,,,,0.000000,0.000000,,"",,,,,,
"64305710000095","Nodes","10000095",21.000000,33.741929,"Default Known Flow Node","Known Flow",312369.327154,674599.949774,,0.000000,,,,,,,0.000000,0.000000,,"",,,,,,
"64305700326835","Nodes","326835",21.000000,27.381319,"Default Known Flow Node","Known Flow",312429.615171,674466.095738,,0.000000,,,,,,,0.000000,0.000000,,"",,,,,,
"64305700326848","Nodes","326848",21.000000,29.930688,"Default Known Flow Node","Known Flow",312361.173152,674599.311774,,0.000000,,,,,,,0.000000,0.000000,,"",,,,,,
"64305701462505","Nodes","1462505",21.000000,33.133715,"Default Known Flow Node","Known Flow",312387.071159,674593.456773,,0.000000,,,,,,,0.000000,0.000000,,"",,,,,,
"64305710000142","Nodes","Logger 9495, Allan Park",21.000000,40.740821,"Val Log Cath","Known Flow",312092.115079,674705.675803,,0.000000,,,,,,,0.000000,0.000000,,"",,,,,,
"64305700000074","Nodes","74",21.000000,40.208587,"DDS demands","Known Flow",312090.365078,674717.650806,,0.000000,,,,-5.280000,,,-4.721470,-5.280000,,"",,,,"D1 PROFILE",,
"64305700000028","Nodes","28",21.000000,42.159182,"DDS demands","Known Flow",312353.047702,674822.509142,,0.000000,,,,-3.289999,,,-2.941976,-3.289999,,"",,,,"D1 PROFILE",,
"64305700000131","Nodes","131",21.000000,41.627528,"DDS demands","Known Flow",312350.959149,674680.352796,,0.000000,,,,-4.889999,,,-4.372725,-4.889999,,"",,,,"D1 PROFILE",,
"64305700000129","Nodes","129",21.000000,41.655391,"DDS demands","Known Flow",312358.876151,674677.543795,,0.000000,,,,-3.289999,,,-2.941976,-3.289999,,"",,,,"D1 PROFILE",,
"64305710000132","Nodes","10000132",21.000000,40.812463,"Default Known Flow Node","Known Flow",312246.996121,674681.155796,,0.000000,,,,,,,0.000000,0.000000,,"",,,,,,
"64305701462563","Nodes","1462563",21.000000,27.012704,"Default Known Flow Node","Known Flow",312583.136212,674563.811764,,0.000000,,,,,,,0.000000,0.000000,,"",,,,,,
"64305700000090","Nodes","90",21.000000,33.127281,"Default Known Flow Node","Known Flow",312390.153160,674598.857774,,0.000000,,,,,,,0.000000,0.000000,,"",,,,,,
"64305700000086","Nodes","86",21.000000,33.135504,"Default Known Flow Node","Known Flow",312379.756973,674586.892773,,0.000000,,,,,,,0.000000,0.000000,,"",,,,,,
"64305700000088","Nodes","88",21.000000,33.135504,"Default Known Flow Node","Known Flow",312385.158158,674593.923773,,0.000000,,,,,,,0.000000,0.000000,,"",,,,,,
"64305701462588","Nodes","1462588",21.000000,32.919142,"Default Known Flow Node","Known Flow",312392.618161,674569.693766,,0.000000,,,,,,,0.000000,0.000000,,"",,,,,,
"64305700001005","Nodes","1005",21.000000,37.814324,"Default Known Flow Node","Known Flow",312358.764856,674655.127714,,0.000000,,,,,,,0.000000,0.000000,,"",,,,,,
"64305700000404","Nodes","404",21.000000,27.024601,"Point Loads","Known Flow",312625.249299,674568.403004,,0.000000,,,,,,-3.690000,-3.299664,-3.690000,,"",,,,,,"PL-AF PROFILE"
"64305700000020","Nodes","20, Cobbles Close",21.000000,22.367238,"Point Loads","Known Flow",312663.564234,674315.667697,,0.000000,,,,,,-11.079999,-9.907934,-11.079999,,"",,,,,,"PL-AF PROFILE"
"64305700000297","Nodes","297",21.000000,29.906377,"Default Known Flow Node","Known Flow",312367.638154,674598.563774,,0.000000,,,,,,,0.000000,0.000000,,"",,,,,,
"64305700000097","Nodes","97",21.000000,33.739841,"DDS demands","Known Flow",312364.001153,674596.965774,,0.000000,,,,-14.810000,,,-13.243367,-14.810000,,"",,,,"D1 PROFILE",,
"64305700000170","Nodes","170",21.000000,33.741670,"Default Known Flow Node","Known Flow",312368.376581,674595.664333,,0.000000,,,,,,,0.000000,0.000000,,"",,,,,,
"64305700000163","Nodes","163",21.000000,40.766218,"Default Known Flow Node","Known Flow",312095.394663,674662.532962,,0.000000,,,,,,,0.000000,0.000000,,"",,,,,,
"64305710000155","Nodes","10000155",21.000000,33.135504,"Default Known Flow Node","Known Flow",312383.057335,674594.028195,,0.000000,,,,,,,0.000000,0.000000,,"",,,,,,
"64305700000162","Nodes","162",21.000000,75.032568,"Default Known Flow Node","Known Flow",311970.157091,674625.959318,,0.000000,,,,,,,0.000000,0.000000,,"",,,,,,
"64305700000098","Nodes","98",21.000000,33.741670,"Default Known Flow Node","Known Flow",312374.013155,674593.987773,,0.000000,,,,,,,0.000000,0.000000,,"",,,,,,
"64305700000300","Nodes","300",21.000000,33.133715,"Default Known Flow Node","Known Flow",312388.771159,674599.359774,,0.000000,,,,,,,0.000000,0.000000,,"",,,,,,
"64305700000180","Nodes","180",21.000000,26.464792,"Default Known Flow Node","Known Flow",312560.860989,674310.768532,,0.000000,,,,,,,0.000000,0.000000,,"",,,,,,
"64305700000181","Nodes","181",21.000000,22.400593,"Default Known Flow Node","Known Flow",312663.965780,674316.671693,,0.000000,,,,,,,0.000000,0.000000,,"",,,,,,
"64305700000186","Nodes","186",21.000000,49.828131,"DDS demands","Known Flow",312958.815315,674957.024871,,0.000000,-4.849999,,,-10.069999,,,-13.341730,-14.919999,,"","",,,"D1 PROFILE",,
"64305700000199","Nodes","ALMONDHILL STEADINGS RRI",21.000000,50.000011,"Default Known Pressure Node","Known Pressure",312955.038314,674957.249872,,0.000000,,,,,,,31.592717,35.329999,,"",,,,,,
"64305700000253","Nodes","253",21.000000,24.787977,"DDS demands","Known Flow",312585.964213,674458.674736,,0.000000,,,,-3.059999,,,-2.736306,-3.059999,,"",,,,"D1 PROFILE",,
"64305700000254","Nodes","254",21.000000,24.787977,"Default Known Flow Node","Known Flow",312562.448207,674440.474731,,0.000000,,,,,,,0.000000,0.000000,,"",,,,,,
"64305700000255","Nodes","255",21.000000,39.433645,"DDS demands","Known Flow",313008.476328,675008.835886,,0.000000,,,,-10.529999,,,-9.416113,-10.529999,,"",,,,"D1 PROFILE",,
"64305710000200","Nodes","10000200",21.000000,49.712816,"Default Known Flow Node","Known Flow",312977.376320,674964.274873,,0.000000,,,,,,,0.000000,0.000000,,"",,,,,,
"64305700000042","Nodes","42",21.000000,36.228522,"DDS demands","Known Flow",312461.556179,674648.544788,,0.000000,,,,-4.249999,,,-3.800425,-4.249999,,"",,,,"D1 PROFILE",,
"64305700000099","Nodes","99",21.000000,29.733390,"DDS demands","Known Flow",312319.548170,674608.557099,,0.000000,,,,-3.629999,,,-3.246011,-3.629999,,"",,,,"D1 PROFILE",,
"64305701462503","Nodes","1462503",21.000000,72.969888,"DDS demands","Known Flow",312048.226067,674735.084811,-5.340000,0.000000,,,,-5.339999,,,-10.115123,-11.311698,"D1 PROFILE","",,,,"",,
"64305701462573","Nodes","1462573",21.000000,70.108755,"DDS demands","Known Flow",312103.101082,674850.085842,,0.000000,,,,-5.209999,,,-4.658875,-5.209999,,"",,,,"D1 PROFILE",,
"64305701462489","Nodes","1462489",21.000000,70.206037,"DDS demands","Known Flow",312032.976063,674883.335851,,0.000000,,,,-4.489999,,,-4.015038,-4.489999,,"",,,,"D1 PROFILE",,
"64305701462492","Nodes","1462492",21.000000,70.511364,"DDS demands","Known Flow",311816.145004,674958.495872,,0.000000,,,,-15.540000,,,-13.896146,-15.540000,,"",,,,"D1 PROFILE",,
"64305700000024","Nodes","21",21.000000,42.932489,"DDS demands","Known Flow",312459.147913,674910.481196,,0.000000,,,,-2.409999,,,-2.155065,-2.409999,,"",,,,"D1 PROFILE",,
"64305700000007","Nodes","7",21.000000,28.187901,"Default Known Flow Node","Known Flow",312293.638818,674296.077807,,0.000000,,,,,,,0.000000,0.000000,,"",,,,,,
"64305700000146","Nodes","146, 13 x Flats @ Bowling Green Road, NA:16889",21.000000,22.637604,"Point Loads","Known Flow",312561.779045,674482.822032,,0.000000,,,,,,-20.090000,-17.964837,-20.090000,,"",,,,,,"PL-AF PROFILE"
"64305700001006","Nodes","1006",21.000000,27.533076,"Default Known Flow Node","Known Flow",312188.389105,674319.455698,,0.000000,,,,,,,0.000000,0.000000,,"",,,,,,
"64305700001007","Nodes","1007",21.000000,27.548799,"Default Known Flow Node","Known Flow",312188.112105,674317.259697,,0.000000,,,,,,,0.000000,0.000000,,"",,,,,,
"64305700001170","Nodes","1170",21.000000,27.234799,"DDS demands","Known Flow",312204.077537,674427.111656,,0.000000,,,,-17.780000,,,-15.899194,-17.780000,,"",,,,"D1 PROFILE",,
"64305700001012","Nodes","1012",21.000000,28.213111,"Default Known Flow Node","Known Flow",312282.077130,674315.471697,,0.000000,,,,,,,0.000000,0.000000,,"",,,,,,
"64305700001013","Nodes","1013",21.000000,28.213111,"Default Known Flow Node","Known Flow",312283.452131,674315.721697,,0.000000,,,,,,,0.000000,0.000000,,"",,,,,,
"64305700001016","Nodes","1016",21.000000,25.700410,"Default Known Flow Node","Known Flow",312296.280134,673835.338566,,0.000000,,,,,,,0.000000,0.000000,,"",,,,,,
"64305700001011","Nodes","1011",21.000000,25.691136,"Default Known Flow Node","Known Flow",312330.152144,673984.900607,,0.000000,,,,,,,0.000000,0.000000,,"",,,,,,
"64305700001021","Nodes","1021",21.000000,25.783415,"Default Known Flow Node","Known Flow",312386.524977,674126.003445,,0.000000,,,,,,,0.000000,0.000000,,"",,,,,,
"64305700001025","Nodes","1025",21.000000,27.536417,"Default Known Flow Node","Known Flow",312184.893104,674319.759698,,0.000000,,,,,,,0.000000,0.000000,,"",,,,,,
"64305700001027","Nodes","1027",21.000000,26.612904,"DDS demands","Known Flow",312533.554199,674336.669703,,0.000000,0.000000,,,,,,0.000000,0.000000,,"","C1 PROFILE",,,,,
"64305700001031","Nodes","1031",21.000000,40.812463,"Default Known Flow Node","Known Flow",312248.869121,674681.024796,,0.000000,,,,,,,0.000000,0.000000,,"",,,,,,
"64305700001043","Nodes","1043",21.000000,27.010296,"Default Known Flow Node","Known Flow",312122.422087,674373.423713,,0.000000,,,,,,,0.000000,0.000000,,"",,,,,,
"64305700001045","Nodes","1045",21.000000,28.845189,"Default Known Flow Node","Known Flow",312280.861130,674452.845734,,0.000000,,,,,,,0.000000,0.000000,,"",,,,,,
"64305700001082","Nodes","1082",21.000000,28.758286,"Default Known Flow Node","Known Flow",312302.411136,674452.828734,,0.000000,,,,,,,0.000000,0.000000,,"",,,,,,
"64305700001047","Nodes","1047",21.000000,40.819589,"Default Known Flow Node","Known Flow",312137.564091,674728.003809,,0.000000,,,,,,,0.000000,0.000000,,"",,,,,,
"64305700001052","Nodes","1052",21.000000,33.222087,"Default Known Flow Node","Known Flow",312363.842153,674575.792768,,0.000000,,,,,,,0.000000,0.000000,,"",,,,,,
"64305700001056","Nodes","1056",21.000000,41.186190,"Default Known Flow Node","Known Flow",312280.009130,674821.226835,,0.000000,,,,,,,0.000000,0.000000,,"",,,,,,
"64305700001058","Nodes","1058",21.000000,28.246894,"Default Known Flow Node","Known Flow",312350.720480,674452.852548,,0.000000,,,,,,,0.000000,0.000000,,"",,,,,,
"64305700001063","Nodes","1063",21.000000,40.173022,"Default Known Flow Node","Known Flow",312348.776149,674658.282790,,0.000000,,,,,,,0.000000,0.000000,,"",,,,,,
"64305700001064","Nodes","1064",21.000000,40.939696,"Default Known Flow Node","Known Flow",312349.652149,674661.023791,,0.000000,,,,,,,0.000000,0.000000,,"",,,,,,
"64305700001044","Nodes","1044",21.000000,26.603871,"Default Known Flow Node","Known Flow",312136.773091,674468.644739,,0.000000,,,,,,,0.000000,0.000000,,"",,,,,,
"64305700001072","Nodes","1072",21.000000,40.831552,"Default Known Flow Node","Known Flow",312197.647107,674684.917797,,0.000000,,,,,,,0.000000,0.000000,,"",,,,,,
"64305700001073","Nodes","1073",21.000000,40.858598,"Default Known Flow Node","Known Flow",312192.866106,674760.934818,,0.000000,,,,,,,0.000000,0.000000,,"",,,,,,
"64305700001077","Nodes","1077",21.000000,42.532099,"Default Known Flow Node","Known Flow",312378.221157,674867.227847,,0.000000,,,,,,,0.000000,0.000000,,"",,,,,,
"64305700001078","Nodes","1078",21.000000,42.527960,"Default Known Flow Node","Known Flow",312379.578157,674865.128846,,0.000000,,,,,,,0.000000,0.000000,,"",,,,,,
"64305700001086","Nodes","1086",21.000000,26.149775,"DDS demands","Known Flow",312118.611086,674610.048777,,0.000000,,,,-13.229999,,,-11.830502,-13.229999,,"",,,,"D1 PROFILE",,
"64305700001040","Nodes","1040",21.000000,27.294914,"Default Known Flow Node","Known Flow",312217.904113,674531.250756,,0.000000,,,,,,,0.000000,0.000000,,"",,,,,,
"64305700001088","Nodes","1088",21.000000,29.099475,"Default Known Flow Node","Known Flow",312281.247130,674526.041754,,0.000000,,,,,,,0.000000,0.000000,,"",,,,,,
"64305700001076","Nodes","1076",21.000000,40.901473,"Default Known Flow Node","Known Flow",312190.194105,674793.860827,,0.000000,,,,,,,0.000000,0.000000,,"",,,,,,
"64305700001094","Nodes","1094",21.000000,29.167121,"Default Known Flow Node","Known Flow",312286.280132,674525.916754,,0.000000,,,,,,,0.000000,0.000000,,"",,,,,,
"64305700001104","Nodes","1104",21.000000,29.167121,"Default Known Flow Node","Known Flow",312284.336131,674526.003754,,0.000000,,,,,,,0.000000,0.000000,,"",,,,,,
"64305700001105","Nodes","1105",21.000000,26.972551,"Default Known Flow Node","Known Flow",312210.899111,674560.304764,,0.000000,,,,,,,0.000000,0.000000,,"",,,,,,
"64305700001110","Nodes","1110",21.000000,38.109800,"Default Known Flow Node","Known Flow",312354.168150,674658.429790,,0.000000,,,,,,,0.000000,0.000000,,"",,,,,,
"64305700001111","Nodes","1111",21.000000,42.264478,"Default Known Flow Node","Known Flow",312359.804152,674846.429841,,0.000000,,,,,,,0.000000,0.000000,,"",,,,,,
"64305700001113","Nodes","1113",21.000000,73.558325,"Default Known Flow Node","Known Flow",311972.086046,674896.820855,,0.000000,,,,,,,0.000000,0.000000,,"",,,,,,
"64305700001108","Nodes","1108",21.000000,40.739937,"Default Known Flow Node","Known Flow",312092.615079,674705.677803,,0.000000,,,,,,,0.000000,0.000000,,"",,,,,,
"64305700001126","Nodes","1126",21.000000,29.150843,"Default Known Flow Node","Known Flow",312282.302131,674527.199755,,0.000000,,,,,,,0.000000,0.000000,,"",,,,,,
"64305700001174","Nodes","1174",21.000000,40.766218,"Default Known Flow Node","Known Flow",312096.477014,674662.678958,,0.000000,,,,,,,0.000000,0.000000,,"",,,,,,
"64305700001131","Nodes","1131",21.000000,26.999570,"Default Known Flow Node","Known Flow",312220.620114,674559.824763,,0.000000,,,,,,,0.000000,0.000000,,"",,,,,,
"64305700001134","Nodes","1134",21.000000,27.100128,"DDS demands","Known Flow",312204.229109,674486.452743,,0.000000,,,,-6.719999,,,-6.009144,-6.719999,,"",,,,"D1 PROFILE",,
"64305700001135","Nodes","1135",21.000000,36.281194,"Default Known Flow Node","Known Flow",312409.805165,674653.390789,,0.000000,,,,,,,0.000000,0.000000,,"",,,,,,
"64305700001144","Nodes","1144",21.000000,33.190994,"Default Known Flow Node","Known Flow",312377.548725,674601.863912,,0.000000,,,,,,,0.000000,0.000000,,"",,,,,,
"64305700001141","Nodes","1141",21.000000,28.114131,"Default Known Flow Node","Known Flow",312413.841166,674529.849755,,0.000000,,,,,,,0.000000,0.000000,,"",,,,,,
"64305700001145","Nodes","1145",21.000000,42.122179,"Default Known Flow Node","Known Flow",312344.745147,674768.971820,,0.000000,,,,,,,0.000000,0.000000,,"",,,,,,
"64305700001151","Nodes","1151",21.000000,26.813746,"Default Known Flow Node","Known Flow",312135.930060,674442.912638,,0.000000,,,,,,,0.000000,0.000000,,"",,,,,,
"64305700001152","Nodes","1152",21.000000,26.769952,"Default Known Flow Node","Known Flow",312157.063096,674420.499725,,0.000000,,,,,,,0.000000,0.000000,,"",,,,,,
"64305700001153","Nodes","1153",21.000000,26.006464,"Default Known Flow Node","Known Flow",312114.004085,674538.702758,,0.000000,,,,,,,0.000000,0.000000,,"",,,,,,
"64305700001155","Nodes","1155",21.000000,26.004561,"Default Known Flow Node","Known Flow",312044.076066,674526.420754,,0.000000,,,,,,,0.000000,0.000000,,"",,,,,,
"64305700001097","Nodes","1097",21.000000,41.546782,"Default Known Flow Node","Known Flow",312352.382150,674660.279791,,0.000000,,,,,,,0.000000,0.000000,,"",,,,,,
"64305700001159","Nodes","1159",21.000000,42.182405,"Default Known Flow Node","Known Flow",312351.502969,674795.782019,,0.000000,,,,,,,0.000000,0.000000,,"",,,,,,
"64305700001157","Nodes","1157",21.000000,29.596964,"Default Known Flow Node","Known Flow",312277.318129,674623.419781,,0.000000,,,,,,,0.000000,0.000000,,"",,,,,,
"64305700001158","Nodes","1158",21.000000,42.172472,"Default Known Flow Node","Known Flow",312347.153183,674795.931908,,0.000000,,,,,,,0.000000,0.000000,,"",,,,,,
"64305700001171","Nodes","1171",21.000000,27.191046,"Default Known Flow Node","Known Flow",312186.555104,674414.924724,,0.000000,,,,,,,0.000000,0.000000,,"",,,,,,
"64305700001142","Nodes","1142",21.000000,40.809513,"Default Known Flow Node","Known Flow",312182.632103,674697.019801,,0.000000,,,,,,,0.000000,0.000000,,"",,,,,,
"64305700001177","Nodes","1177",21.000000,41.228938,"Default Known Flow Node","Known Flow",312246.331121,674770.583821,,0.000000,,,,,,,0.000000,0.000000,,"",,,,,,
"64305700001178","Nodes","1178",21.000000,40.811136,"Default Known Flow Node","Known Flow",312249.959122,674679.403796,,0.000000,,,,,,,0.000000,0.000000,,"",,,,,,
"64305700001180","Nodes","1180",21.000000,28.157746,"Default Known Flow Node","Known Flow",312363.186153,674520.028753,,0.000000,,,,,,,0.000000,0.000000,,"",,,,,,
"64305700001182","Nodes","1182",21.000000,26.004561,"Default Known Flow Node","Known Flow",312038.201064,674527.420755,,0.000000,,,,,,,0.000000,0.000000,,"",,,,,,
"64305700001187","Nodes","1187",21.000000,26.552255,"DDS demands","Known Flow",312546.077412,674340.778778,,0.000000,,,,-3.839999,,,-3.433796,-3.839999,,"",,,,"D1 PROFILE",,
"64305700001186","Nodes","1186",21.000000,22.367238,"Default Known Flow Node","Known Flow",312618.749222,674298.298692,,0.000000,,,,,,,0.000000,0.000000,,"",,,,,,
"64305700001190","Nodes","1190",21.000000,24.488730,"Default Known Flow Node","Known Flow",312684.296240,674373.839713,,0.000000,,,,,,,0.000000,0.000000,,"",,,,,,
"64305700001195","Nodes","1195",21.000000,21.739966,"Default Known Flow Node","Known Flow",312699.428244,674292.917691,,0.000000,,,,,,,0.000000,0.000000,,"",,,,,,
"64305700001196","Nodes","1196",21.000000,42.978689,"Default Known Flow Node","Known Flow",312459.191179,674894.779855,,0.000000,,,,,,,0.000000,0.000000,,"",,,,,,
"64305700001262","Nodes","1262",21.000000,22.287878,"Default Known Flow Node","Known Flow",312543.053044,674494.602847,,0.000000,,,,,,,0.000000,0.000000,,"",,,,,,
"64305700001200","Nodes","1200",21.000000,24.648294,"Default Known Flow Node","Known Flow",312683.762240,674377.500714,,0.000000,,,,,,,0.000000,0.000000,,"",,,,,,
"64305700001201","Nodes","1201",21.000000,27.308233,"Default Known Flow Node","Known Flow",312741.890256,674581.853769,,0.000000,,,,,,,0.000000,0.000000,,"",,,,,,
"64305700001202","Nodes","1202",21.000000,27.373488,"Default Known Flow Node","Known Flow",312759.642260,674583.707770,,0.000000,,,,,,,0.000000,0.000000,,"",,,,,,
"64305700001179","Nodes","1179",21.000000,42.220398,"Default Known Flow Node","Known Flow",312424.697169,674905.165857,,0.000000,,,,,,,0.000000,0.000000,,"",,,,,,
"64305700001203","Nodes","1203",21.000000,42.177712,"Default Known Flow Node","Known Flow",312450.681176,674915.537860,,0.000000,,,,,,,0.000000,0.000000,,"",,,,,,
"64305700001207","Nodes","1207",21.000000,27.586562,"DDS demands","Known Flow",312587.376214,674576.519768,,0.000000,,,,-5.519999,,,-4.936082,-5.519999,,"",,,,"D1 PROFILE",,
"64305700001209","Nodes","1209",21.000000,36.197207,"Default Known Flow Node","Known Flow",312431.270171,674703.604803,,0.000000,,,,,,,0.000000,0.000000,,"",,,,,,
"64305700001216","Nodes","1216",21.000000,36.201283,"Default Known Flow Node","Known Flow",312433.643576,674696.725595,,0.000000,,,,,,,0.000000,0.000000,,"",,,,,,
"64305700001213","Nodes","1213",21.000000,22.846293,"Default Known Flow Node","Known Flow",312561.710207,674480.087742,,0.000000,,,,,,,0.000000,0.000000,,"",,,,,,
"64305700001214","Nodes","1214",21.000000,22.846293,"Default Known Flow Node","Known Flow",312576.224210,674484.386743,,0.000000,,,,,,,0.000000,0.000000,,"",,,,,,
"64305700001224","Nodes","1224",21.000000,42.978689,"Default Known Flow Node","Known Flow",312460.261480,674899.930894,,0.000000,,,,,,,0.000000,0.000000,,"",,,,,,
"64305700001197","Nodes","1197",21.000000,42.978689,"Default Known Flow Node","Known Flow",312457.052178,674899.550856,,0.000000,,,,,,,0.000000,0.000000,,"",,,,,,
"64305700001208","Nodes","1208",21.000000,27.374478,"Default Known Flow Node","Known Flow",312760.747261,674594.135773,,0.000000,,,,,,,0.000000,0.000000,,"",,,,,,
"64305700001233","Nodes","1233",21.000000,28.236429,"DDS demands","Known Flow",312555.653205,674572.590767,,0.000000,,,-7.320000,,,,-6.545675,-7.320000,,"",,,"C4 PROFILE",,,
"64305700001236","Nodes","1236",21.000000,23.893053,"Default Known Flow Node","Known Flow",312490.563187,674824.481835,,0.000000,,,,,,,0.000000,0.000000,,"",,,,,,
"64305700001237","Nodes","1237",21.000000,23.618499,"Default Known Flow Node","Known Flow",312456.758178,674829.172837,,0.000000,,,,,,,0.000000,0.000000,,"",,,,,,
"64305700001239","Nodes","1239",21.000000,24.598533,"Default Known Flow Node","Known Flow",312732.921253,674426.882727,,0.000000,,,,,,,0.000000,0.000000,,"",,,,,,
"64305700001246","Nodes","1246",21.000000,30.824011,"Default Known Flow Node","Known Flow",312490.846187,674561.264764,,0.000000,,,,,,,0.000000,0.000000,,"",,,,,,
"64305700001247","Nodes","1247",21.000000,30.824011,"Default Known Flow Node","Known Flow",312494.618188,674557.467763,,0.000000,,,,,,,0.000000,0.000000,,"",,,,,,
"64305700001251","Nodes","1251",21.000000,27.120657,"Default Known Flow Node","Known Flow",312582.271285,674561.642733,,0.000000,,,,,,,0.000000,0.000000,,"",,,,,,
"64305700001234","Nodes","1234",21.000000,27.061117,"Default Known Flow Node","Known Flow",312586.808213,674562.588764,,0.000000,,,,,,,0.000000,0.000000,,"",,,,,,
"64305700001254","Nodes","1254",21.000000,26.556703,"Default Known Flow Node","Known Flow",312587.513214,674500.313747,,0.000000,,,,,,,0.000000,0.000000,,"",,,,,,
"64305700001255","Nodes","1255",21.000000,26.556703,"DDS demands","Known Flow",312589.352214,674501.555748,,0.000000,,,,-5.019999,,,-4.488973,-5.019999,,"",,,,"D1 PROFILE",,
"64305700001257","Nodes","1257",21.000000,23.888694,"Default Known Flow Node","Known Flow",312483.650185,674782.309824,,0.000000,,,,,,,0.000000,0.000000,,"",,,,,,
"64305700001263","Nodes","1263",21.000000,24.509508,"Default Known Flow Node","Known Flow",312718.677249,674363.658710,,0.000000,,,,,,,0.000000,0.000000,,"",,,,,,
"64305700001264","Nodes","1264",21.000000,27.147914,"Default Known Flow Node","Known Flow",312658.815233,674571.562767,,0.000000,,,,,,,0.000000,0.000000,,"",,,,,,
"64305700001266","Nodes","1266",21.000000,24.461336,"Default Known Flow Node","Known Flow",312565.706208,674418.025725,,0.000000,,,,,,,0.000000,0.000000,,"",,,,,,
"64305700001137","Nodes","1137",21.000000,42.406136,"Default Known Flow Node","Known Flow",312428.118170,674898.324856,,0.000000,,,,,,,0.000000,0.000000,,"",,,,,,
"64305700001269","Nodes","1269",21.000000,42.406136,"Default Known Flow Node","Known Flow",312434.014172,674901.107856,,0.000000,,,,,,,0.000000,0.000000,,"",,,,,,
"64305700001191","Nodes","1191",21.000000,26.800302,"Default Known Flow Node","Known Flow",312518.346195,674375.417713,,0.000000,,,,,,,0.000000,0.000000,,"",,,,,,
"64305700001276","Nodes","1276",21.000000,28.122334,"Default Known Flow Node","Known Flow",312558.970206,674576.706768,,0.000000,,,,,,,0.000000,0.000000,,"",,,,,,
"64305700001277","Nodes","1277",21.000000,27.147914,"Default Known Flow Node","Known Flow",312659.212233,674567.472765,,0.000000,,,,,,,0.000000,0.000000,,"",,,,,,
"64305700001279","Nodes","ALMOND HILL COTTAGES RRI",21.000000,49.999998,"Default Known Pressure Node","Known Pressure",313071.404345,674913.185860,,9998.999917,,,,,,,6.617212,7.400000,,"",,,,,,
"64305700001118","Nodes","1118",21.000000,73.739953,"DDS demands","Known Flow",311994.352223,674751.110538,,0.000000,,,,-5.460000,,,-4.882429,-5.460000,,"",,,,"D1 PROFILE",,
"64305700001181","Nodes","1181",21.000000,73.558325,"Default Known Flow Node","Known Flow",311998.374053,674891.514854,,0.000000,,,,,,,0.000000,0.000000,,"",,,,,,
"64305700001267","Nodes","1267",21.000000,24.505230,"Default Known Flow Node","Known Flow",312576.827211,674443.581732,,0.000000,,,,,,,0.000000,0.000000,,"",,,,,,
"64305700001083","Nodes","1083",21.000000,28.758286,"Default Known Flow Node","Known Flow",312313.617139,674436.995730,,0.000000,,,,,,,0.000000,0.000000,,"",,,,,,
"64305700001119","Nodes","1119",21.000000,27.349689,"Default Known Flow Node","Known Flow",312341.322147,674403.256721,,0.000000,,,,,,,0.000000,0.000000,,"",,,,,,
"64305700001059","Nodes","1059",21.000000,28.176817,"Default Known Flow Node","Known Flow",312399.081162,674441.390731,,0.000000,,,,,,,0.000000,0.000000,,"",,,,,,
"64305700001160","Nodes","1160",21.000000,40.856662,"Default Known Flow Node","Known Flow",312196.217107,674729.011809,,0.000000,,,,,,,0.000000,0.000000,,"",,,,,,
"64305700001057","Nodes","1057",21.000000,40.967321,"Default Known Flow Node","Known Flow",312241.353119,674800.064829,,0.000000,,,,,,,0.000000,0.000000,,"",,,,,,
"64305700001136","Nodes","1136",21.000000,36.281194,"Default Known Flow Node","Known Flow",312420.275168,674654.492789,,0.000000,,,,,,,0.000000,0.000000,,"",,,,,,
"64305700001146","Nodes","1146",21.000000,42.159182,"Default Known Flow Node","Known Flow",312353.278150,674823.055835,,0.000000,,,,,,,0.000000,0.000000,,"",,,,,,
"64305700001175","Nodes","1175",21.000000,40.766218,"Default Known Flow Node","Known Flow",312094.563079,674662.420791,,0.000000,,,,,,,0.000000,0.000000,,"",,,,,,
"64305700001188","Nodes","1188",21.000000,26.464792,"Default Known Flow Node","Known Flow",312561.301206,674309.987695,,0.000000,,,,,,,0.000000,0.000000,,"",,,,,,
"64305700001273","Nodes","1273",21.000000,26.456851,"Default Known Flow Node","Known Flow",312529.438198,674385.850716,,0.000000,,,,,,,0.000000,0.000000,,"",,,,,,
"64305700001217","Nodes","1217",21.000000,36.244372,"Default Known Flow Node","Known Flow",312422.242169,674707.569804,,0.000000,,,,,,,0.000000,0.000000,,"",,,,,,
"64305700001344","Nodes","1344",21.000000,27.026443,"Default Known Flow Node","Known Flow",312582.184518,674562.439345,,0.000000,,,,,,,0.000000,0.000000,,"",,,,,,
"64305700001331","Nodes","1331",21.000000,33.135504,"Default Known Flow Node","Known Flow",312388.382252,674599.485412,,0.000000,,,,,,,0.000000,0.000000,,"",,,,,,
"64305700001338","Nodes","1338",21.000000,30.811908,"Default Known Flow Node","Known Flow",312367.833248,674598.244878,,0.000000,,,,,,,0.000000,0.000000,,"",,,,,,
"64305700001339","Nodes","1339",21.000000,33.954654,"Default Known Flow Node","Known Flow",312376.983097,674603.178006,,0.000000,,,,,,,0.000000,0.000000,,"",,,,,,
"64305700001334","Nodes","1334",21.000000,33.135504,"Default Known Flow Node","Known Flow",312380.477389,674586.616515,,0.000000,,,,,,,0.000000,0.000000,,"",,,,,,
"64305700001336","Nodes","1336",21.000000,31.293520,"Default Known Flow Node","Known Flow",312369.811646,674599.290127,,0.000000,,,,,,,0.000000,0.000000,,"",,,,,,
"64305700001346","Nodes","1346",21.000000,26.991692,"Default Known Flow Node","Known Flow",312578.678942,674561.720252,,0.000000,,,,,,,0.000000,0.000000,,"",,,,,,
"64305700001347","Nodes","1347",21.000000,25.738736,"Default Known Flow Node","Known Flow",312380.412098,674096.185763,,0.000000,,,,,,,0.000000,0.000000,,"",,,,,,
"64305700001008","Nodes","1008",21.000000,27.179233,"Default Known Flow Node","Known Flow",312578.839391,674561.557183,,0.000000,,,,,,,0.000000,0.000000,,"",,,,,,
"64305700001009","Nodes","1009",21.000000,27.186224,"Default Known Flow Node","Known Flow",312578.713672,674561.998942,,0.000000,,,,,,,0.000000,0.000000,,"",,,,,,
"64305700001015","Nodes","1015",21.000000,25.822136,"Default Known Flow Node","Known Flow",312386.572428,674129.739996,,0.000000,,,,,,,0.000000,0.000000,,"",,,,,,
"64305700001010","Nodes","1010",21.000000,32.567299,"Default Known Flow Node","Known Flow",312457.532895,674583.433913,,0.000000,,,,,,,0.000000,0.000000,,"",,,,,,
"64305700000001","Nodes","Kirkliston DG, Tel, Clocked, Site ID 5932",21.000000,43.000001,"Default Known Pressure Node","Known Pressure",312460.816179,674895.017855,,9998.999917,,,,,,,810.814206,906.729998,,"",,,,,,
"64305700001014","Nodes","1014",21.000000,75.012563,"Default Known Flow Node","Known Flow",311970.295046,674628.840782,,0.000000,,,,,,,0.000000,0.000000,,"",,,,,,
"64305700000117","Nodes","117",21.000000,28.078838,"DDS demands","Known Flow",312381.776158,674551.569761,,0.000000,,,,-3.819999,,,-3.415912,-3.819999,,"",,,,"D1 PROFILE",,
"64305700000026","Nodes","26",21.000000,42.407964,"DDS demands","Known Flow",312365.506153,674842.143840,,0.000000,,,,-9.310000,,,-8.325168,-9.310000,,"",,,,"D1 PROFILE",,
"64305700000073","Nodes","73",21.000000,40.765864,"DDS demands","Known Flow",312097.714080,674648.325787,,0.000000,,,,-3.510000,,,-3.138704,-3.510000,,"",,,,"D1 PROFILE",,
"64305700000115","Nodes","115",21.000000,27.328527,"DDS demands","Known Flow",312424.557595,674454.276587,,0.000000,,,,-4.380000,,,-3.916674,-4.380000,,"",,,,"D1 PROFILE",,
"64305700000062","Nodes","62",21.000000,27.374478,"DDS demands","Known Flow",312758.425260,674594.006773,,0.000000,,,,-4.829999,,,-4.319072,-4.829999,,"",,,,"D1 PROFILE",,
"64305700000156","Nodes","156",21.000000,73.312579,"DDS demands","Known Flow",311997.763053,674718.561807,,0.000000,,,,-5.610000,,,-5.016562,-5.610000,,"",,,,"D1 PROFILE",,
"64305700000096","Nodes","96",21.000000,30.910935,"DDS demands","Known Flow",312492.328188,674575.649768,,0.000000,-8.209999,,-1.900000,-7.620000,,,-15.854483,-17.729999,,"","C1 PROFILE",,"C4 PROFILE","D1 PROFILE",,
"64305700000107","Nodes","107",21.000000,24.598533,"DDS demands","Known Flow",312704.584245,674420.508725,,0.000000,,,,-6.740000,,,-6.027028,-6.740000,,"",,,,"D1 PROFILE",,
"64305700000103","Nodes","103",21.000000,25.615318,"DDS demands","Known Flow",312262.502125,673738.787540,,0.000000,,,,-4.210000,,,-3.764657,-4.210000,,"",,,,"D1 PROFILE",,
"64305700000032","Nodes","32",21.000000,41.656841,"DDS demands","Known Flow",312356.051847,674678.545876,,0.000000,,,,-6.560000,,,-5.866069,-6.560000,,"",,,,"D1 PROFILE",,
"64305700000154","Nodes","P00085522, Kirklands Park Gardens, -91.75",40.000000,74.911409,"CSEP DDS Matched","Known Flow",311969.491054,674626.051823,,0.000000,,,,,-91.750003,,-82.044497,-91.750003,,"",,,,,"DC PROFILE",
"64305700000185","Nodes","185",21.000000,38.662187,"DDS demands","Known Flow",312936.921309,675030.963892,,0.000000,,,,-9.880000,,,-8.834873,-9.880000,,"",,,,"D1 PROFILE",,
"64305700000120","Nodes","120",21.000000,22.088330,"DDS demands","Known Flow",312530.591198,674494.505746,,0.000000,-7.600000,,,-10.739999,,,-16.399956,-18.339999,,"","C1 PROFILE",,,"D1 PROFILE",,
"64305700000108","Nodes","108",21.000000,24.605465,"DDS demands","Known Flow",312747.306257,674495.256746,,0.000000,,,,-3.660000,,,-3.272837,-3.660000,,"",,,,"D1 PROFILE",,
"64305700000147","Nodes","147",21.000000,49.458555,"DDS demands","Known Flow",313163.663370,674917.844861,,0.000000,,,,-7.400000,,,-6.617212,-7.400000,,"",,,,"D1 PROFILE",,
"64305700000100","Nodes","100",21.000000,29.596964,"DDS demands","Known Flow",312291.704133,674611.468777,,0.000000,,,,-2.240000,,,-2.003048,-2.240000,,"",,,,"D1 PROFILE",,
"64305700001020","Nodes","1020",21.000000,73.312579,"Default Known Flow Node","Known Flow",311997.823053,674716.423806,,0.000000,,,,,,,0.000000,0.000000,,"",,,,,,
"64305700001017","Nodes","1017",21.000000,26.004561,"Default Known Flow Node","Known Flow",312113.213408,674537.174775,,0.000000,,,,,,,0.000000,0.000000,,"",,,,,,
