"NAME","TYPE","NodeDescription","NodeMinimumPressure","NodePressure","NodeSymbolName","NodeStatus","NodeXCoordinate","NodeYCoordinate","NodeFlowByCategory(Base Thermal)","NodeFlowByCategory(Base Volumetric)","NodeFlowByCategory(C1)","NodeFlowByCategory(C2)","NodeFlowByCategory(C3)","NodeFlowByCategory(C4)","NodeFlowByCategory(CT)","NodeFlowByCategory(D1)","NodeFlowByCategory(DC)","NodeFlowByCategory(DH)","NodeFlowByCategory(I2)","NodeFlowByCategory(PL-AF)","NodeThermalFlow","NodeResultFlow","NodeFlowProfileNameByCategory(Base Thermal)","NodeFlowProfileNameByCategory(Base Volumetric)","NodeFlowProfileNameByCategory(C1)","NodeFlowProfileNameByCategory(C2)","NodeFlowProfileNameByCategory(C3)","NodeFlowProfileNameByCategory(C4)","NodeFlowProfileNameByCategory(CT)","NodeFlowProfileNameByCategory(D1)","NodeFlowProfileNameByCategory(DC)","NodeFlowProfileNameByCategory(DH)","NodeFlowProfileNameByCategory(I2)","NodeFlowProfileNameByCategory(PL-AF)"
"64303400000074","Nodes","74",21.000000,28.114791,"DDS demands","Known Flow",354348.110109,633500.243240,,0.000000,,,,,,-4.999999,,,,,-4.471089,-4.999999,,"",,,,,,"D1 PROFILE",,,,
"64303400000258","Nodes","258",21.000000,28.089897,"DDS demands","Known Flow",354333.987573,633478.199585,,0.000000,,,,,,-7.269999,,,,,-6.500963,-7.269999,,"",,,,,,"D1 PROFILE",,,,
"64303400000335","Nodes","335",21.000000,34.901920,"Default Known Flow Node","Known Flow",354797.487699,634117.949759,,0.000000,,,,,,,,,,,0.000000,0.000000,,"",,,,,,,,,,
"64303400002323","Nodes","2323",21.000000,32.427018,"DDS demands","Known Flow",356241.253092,634255.815796,,0.000000,,,,,,-12.780000,,,,,-11.428104,-12.780000,,"",,,,,,"D1 PROFILE",,,,
"64303400000215","Nodes","215",21.000000,29.934197,"DDS demands","Known Flow",356370.226127,634224.214788,,0.000000,,,,,,-10.790000,,,,,-9.648611,-10.790000,,"",,,,,,"D1 PROFILE",,,,
"64303400000039","Nodes","39",21.000000,27.692676,"DDS demands","Known Flow",353792.887496,634159.907449,,0.000000,,-15.999999,,,,-12.260000,,,,,-25.270598,-28.259999,,"",,"C2 PROFILE",,,,"D1 PROFILE",,,,
"64303400000040","Nodes","40",21.000000,27.802682,"DDS demands","Known Flow",354020.922488,634041.805738,,0.000000,,,,,,-12.720000,,,,,-11.374452,-12.720000,,"",,,,,,"D1 PROFILE",,,,
"64303400000200","Nodes","200",21.000000,42.406115,"DDS demands","Known Flow",355103.737783,634024.949734,,0.000000,,,,,,-8.749999,,,,,-7.824406,-8.749999,,"",,,,,,"D1 PROFILE",,,,
"64303400000082","Nodes","82",21.000000,42.442070,"DDS demands","Known Flow",355248.987822,634109.824757,,0.000000,,,,,,-17.020000,,,,,-15.219588,-17.020000,,"",,,,,,"D1 PROFILE",,,,
"64303400002343","Nodes","2343",21.000000,26.452747,"Default Known Flow Node","Known Flow",354216.612541,633321.824542,,0.000000,,,,,,,,,,,0.000000,0.000000,,"",,,,,,,,,,
"64303400000002","Nodes","MELROSE DG, Clocked, Site ID 6299",21.000000,38.000000,"Default Known Pressure Node","Known Pressure",354393.362589,634178.699775,,999998.967025,,,,,,,,,,,559.632058,625.834062,,"",,,,,,,,,,
"64303400002365","Nodes","2365",21.000000,26.403933,"Default Known Flow Node","Known Flow",354203.237538,633322.074542,,0.000000,,,,,,,,,,,0.000000,0.000000,,"",,,,,,,,,,
"64303400000297","Nodes","297",21.000000,26.448079,"DDS demands","Known Flow",354210.612540,633322.074542,,0.000000,,,,,,-2.660000,,,,,-2.378619,-2.660000,,"",,,,,,"D1 PROFILE",,,,
"64303400000077","Nodes","77",21.000000,26.380690,"DDS demands","Known Flow",354199.362537,633322.324542,,0.000000,,-4.019999,,,,-10.939999,,,,,-13.377499,-14.959999,,"",,"C2 PROFILE",,,,"D1 PROFILE",,,,
"64303400002231","Nodes","2231",21.000000,26.403933,"Default Known Flow Node","Known Flow",354202.612538,633311.449539,,0.000000,,,,,,,,,,,0.000000,0.000000,,"",,,,,,,,,,
"64303400002262","Nodes","2262",21.000000,28.088648,"Default Known Flow Node","Known Flow",354332.612573,633475.824584,,0.000000,,,,,,,,,,,0.000000,0.000000,,"",,,,,,,,,,
"64303400000230","Nodes","230",21.000000,26.246813,"Default Known Flow Node","Known Flow",354166.237528,633296.949535,,0.000000,,,,,,,,,,,0.000000,0.000000,,"",,,,,,,,,,
"64303400002299","Nodes","2299",21.000000,26.874661,"Default Known Flow Node","Known Flow",354224.612543,633149.324495,,0.000000,,,,,,,,,,,0.000000,0.000000,,"",,,,,,,,,,
"64303400002274","Nodes","2274",21.000000,27.053591,"Default Known Flow Node","Known Flow",354143.112521,633091.949480,,0.000000,,,,,,,,,,,0.000000,0.000000,,"",,,,,,,,,,
"64303400002229","Nodes","2229",21.000000,26.847926,"DDS demands","Known Flow",354238.612547,633141.824493,,0.000000,,-6.000000,,,,-3.059999,,,,,-8.101614,-9.059999,,"",,"C2 PROFILE",,,,"D1 PROFILE",,,,
"64303400002225","Nodes","2225",21.000000,28.064691,"Default Known Flow Node","Known Flow",354300.737564,633466.324582,,0.000000,,,,,,,,,,,0.000000,0.000000,,"",,,,,,,,,,
"64303400002296","Nodes","2296",21.000000,28.064691,"Default Known Flow Node","Known Flow",354287.612561,633466.449582,,0.000000,,,,,,,,,,,0.000000,0.000000,,"",,,,,,,,,,
"64303400002220","Nodes","2220",21.000000,28.065377,"Default Known Flow Node","Known Flow",354301.737564,633465.199581,,0.000000,,,,,,,,,,,0.000000,0.000000,,"",,,,,,,,,,
"64303400002223","Nodes","2223",21.000000,28.072154,"Default Known Flow Node","Known Flow",354308.987566,633452.199578,,0.000000,,,,,,,,,,,0.000000,0.000000,,"",,,,,,,,,,
"64303400002342","Nodes","2342",21.000000,28.072154,"Default Known Flow Node","Known Flow",354312.987568,633445.824576,,0.000000,,,,,,,,,,,0.000000,0.000000,,"",,,,,,,,,,
"64303400002340","Nodes","2340",21.000000,27.999714,"Default Known Flow Node","Known Flow",354341.237575,633470.449583,,0.000000,,,,,,,,,,,0.000000,0.000000,,"",,,,,,,,,,
"64303400000277","Nodes","277",21.000000,24.682594,"Default Known Flow Node","Known Flow",353331.568300,633674.146638,,0.000000,,,,,,,,,,,0.000000,0.000000,,"",,,,,,,,,,
"64303400000226","Nodes","226",21.000000,24.993752,"DDS demands","Known Flow",353157.712253,633605.671619,,0.000000,,,,,,0.000000,,,,,0.000000,0.000000,,"",,,,,,"D1 PROFILE",,,,
"64303400002240","Nodes","2240",21.000000,24.320307,"Default Known Flow Node","Known Flow",353505.043348,633888.145696,,0.000000,,,,,,,,,,,0.000000,0.000000,,"",,,,,,,,,,
"64303400000201","Nodes","201",21.000000,24.322121,"DDS demands","Known Flow",353520.941185,633889.244503,,0.000000,,-64.999999,,,,-3.229999,,,,,-61.012485,-68.229999,,"",,"C2 PROFILE",,,,"D1 PROFILE",,,,
"64303400002293","Nodes","2293",21.000000,24.396591,"Default Known Flow Node","Known Flow",353503.860347,633793.428671,,0.000000,,,,,,,,,,,0.000000,0.000000,,"",,,,,,,,,,
"64303400000320","Nodes","320",21.000000,24.364688,"Default Known Flow Node","Known Flow",353485.252342,633874.856693,,0.000000,,,,,,,,,,,0.000000,0.000000,,"",,,,,,,,,,
"64303400002346","Nodes","2346",21.000000,24.322121,"Default Known Flow Node","Known Flow",353521.736352,633886.013696,,0.000000,,,,,,,,,,,0.000000,0.000000,,"",,,,,,,,,,
"64303400000109","Nodes","P11126741, Plots 25-28, Quarrydene, 9.69",22.999998,26.920653,"CSEP DDS Matched","Known Flow",353865.777363,633977.528877,,0.000000,,,,,,-8.159999,-9.689999,,,,-15.961788,-17.849998,,"",,,,,,"D1 PROFILE","DC PROFILE",,,
"64303400000110","Nodes","110",21.000000,26.811842,"DDS demands","Known Flow",353838.696438,633975.130720,,0.000000,,,,,,-8.489999,,,,,-7.591909,-8.489999,,"",,,,,,"D1 PROFILE",,,,
"64303400000108","Nodes","108",21.000000,27.462645,"DDS demands","Known Flow",353970.964474,633984.322722,,0.000000,,,,,,-9.529999,,,,,-8.521896,-9.529999,,"",,,,,,"D1 PROFILE",,,,
"64303400000319","Nodes","319",21.000000,24.359788,"Default Known Flow Node","Known Flow",353504.737348,633845.648685,,0.000000,,,,,,,,,,,0.000000,0.000000,,"",,,,,,,,,,
"64303400000227","Nodes","227",21.000000,27.072117,"DDS demands","Known Flow",354368.737583,633667.574636,,0.000000,,,,,,-16.459998,,,,,-14.718825,-16.459998,,"",,,,,,"D1 PROFILE",,,,
"64303400000220","Nodes","220",21.000000,28.177631,"DDS demands","Known Flow",354387.487588,633547.449604,,0.000000,,,,,,-4.480000,,,,,-4.006096,-4.480000,,"",,,,,,"D1 PROFILE",,,,
"64303400000075","Nodes","75",21.000000,28.525401,"DDS demands","Known Flow",354437.737601,633501.824591,,0.000000,,,,,,-15.100000,,,,,-13.502690,-15.100000,,"",,,,,,"D1 PROFILE",,,,
"64303400000221","Nodes","221",21.000000,26.890466,"DDS demands","Known Flow",354461.737608,633617.449623,,0.000000,,,,,,-8.850000,,,,,-7.913828,-8.850000,,"",,,,,,"D1 PROFILE",,,,
"64303400000203","Nodes","203",21.000000,36.205508,"DDS demands","Known Flow",354782.237695,633997.449726,,0.000000,,,,,,-8.029999,,,,,-7.180569,-8.029999,,"",,,,,,"D1 PROFILE",,,,
"64303400000070","Nodes","70",21.000000,32.128314,"DDS demands","Known Flow",354629.362654,633764.949663,,0.000000,,,,,,-7.099999,,,,,-6.348946,-7.099999,,"",,,,,,"D1 PROFILE",,,,
"64303400002270","Nodes","2270",21.000000,32.137713,"Default Known Flow Node","Known Flow",354626.246799,633765.617346,,0.000000,,,,,,,,,,,0.000000,0.000000,,"",,,,,,,,,,
"64303400002277","Nodes","2277",21.000000,35.384555,"Default Known Flow Node","Known Flow",354743.737685,633855.074687,,0.000000,,,,,,,,,,,0.000000,0.000000,,"",,,,,,,,,,
"64303400002324","Nodes","2324",21.000000,36.788405,"Default Known Flow Node","Known Flow",354759.362689,633919.824705,,0.000000,,,,,,,,,,,0.000000,0.000000,,"",,,,,,,,,,
"64303400000115","Nodes","115",21.000000,37.616164,"DDS demands","Known Flow",354786.612696,633932.324708,,0.000000,,,,,,-4.119999,,,-6.000000,,-9.049485,-10.119999,,"",,,,,,"D1 PROFILE",,,"I2 PROFILE",
"64303400002280","Nodes","2280",21.000000,37.855387,"Default Known Flow Node","Known Flow",354785.237696,633920.449705,,0.000000,,,,,,,,,,,0.000000,0.000000,,"",,,,,,,,,,
"64303400000071","Nodes","71",21.000000,33.414719,"DDS demands","Known Flow",354698.737673,633756.324660,,0.000000,,,,,,-8.430000,,,,,-7.538257,-8.430000,,"",,,,,,"D1 PROFILE",,,,
"64303400002349","Nodes","2349",21.000000,33.414719,"Default Known Flow Node","Known Flow",354696.862672,633756.574660,,0.000000,,,,,,,,,,,0.000000,0.000000,,"",,,,,,,,,,
"64303400000282","Nodes","282",21.000000,36.337783,"DDS demands","Known Flow",354739.112683,633980.824722,,0.000000,-3.479999,,,,,-11.899999,,,,,-13.753071,-15.379998,,"","C1 PROFILE",,,,,"D1 PROFILE",,,,
"64303400000283","Nodes","283",21.000000,36.579670,"DDS demands","Known Flow",354758.612689,633933.449709,,0.000000,,,,,,-1.009999,,,,,-0.903160,-1.009999,,"",,,,,,"D1 PROFILE",,,,
"64303400000240","Nodes","240",21.000000,36.620713,"DDS demands","Known Flow",354700.737673,633924.449706,,0.000000,,,,,,-6.000000,,,,,-5.365307,-6.000000,,"",,,,,,"D1 PROFILE",,,,
"64303400000229","Nodes","229",21.000000,36.745472,"Default Known Flow Node","Known Flow",354694.112671,633917.949704,,0.000000,,,,,,,,,,,0.000000,0.000000,,"",,,,,,,,,,
"64303400000285","Nodes","285",21.000000,36.719351,"DDS demands","Known Flow",354675.487666,633919.199705,,0.000000,-2.180000,,,-2.390000,,,,,,,-4.086576,-4.570000,,"","C1 PROFILE",,,"C4 PROFILE",,,,,,
"64303400000224","Nodes","224",21.000000,36.323026,"DDS demands","Known Flow",354754.737688,633902.699700,,0.000000,-2.559999,,,,,,,,,,-2.289197,-2.559999,,"","C1 PROFILE",,,,,,,,,
"64303400002328","Nodes","2328",21.000000,36.396119,"Default Known Flow Node","Known Flow",354755.362688,633905.699701,,0.000000,,,,,,,,,,,0.000000,0.000000,,"",,,,,,,,,,
"64303400000218","Nodes","218",21.000000,34.089489,"DDS demands","Known Flow",354675.209666,633831.852681,,0.000000,,,,,,-15.540000,,,,,-13.896146,-15.540000,,"",,,,,,"D1 PROFILE",,,,
"64303400000069","Nodes","69",21.000000,34.573814,"DDS demands","Known Flow",354555.396633,633824.350679,,0.000000,,,,,,-4.990000,,,,,-4.462147,-4.990000,,"",,,,,,"D1 PROFILE",,,,
"64303400000219","Nodes","219",21.000000,33.725632,"DDS demands","Known Flow",354567.237637,633865.074690,,0.000000,,,,,,-7.979999,,,,,-7.135858,-7.979999,,"",,,,,,"D1 PROFILE",,,,
"64303400002268","Nodes","2268",21.000000,33.353860,"Default Known Flow Node","Known Flow",354697.225789,633753.706521,,0.000000,,,,,,,,,,,0.000000,0.000000,,"",,,,,,,,,,
"64303400002326","Nodes","2326",21.000000,36.742242,"Default Known Flow Node","Known Flow",354758.112689,633919.949705,,0.000000,,,,,,,,,,,0.000000,0.000000,,"",,,,,,,,,,
"64303400002288","Nodes","2288",21.000000,36.396119,"Default Known Flow Node","Known Flow",354757.612689,633905.199701,,0.000000,,,,,,,,,,,0.000000,0.000000,,"",,,,,,,,,,
"64303400002286","Nodes","2286",21.000000,36.587610,"Default Known Flow Node","Known Flow",354758.487689,633929.949708,,0.000000,,,,,,,,,,,0.000000,0.000000,,"",,,,,,,,,,
"64303400002284","Nodes","2284",21.000000,36.788405,"Default Known Flow Node","Known Flow",354761.237690,633919.574705,,0.000000,,,,,,,,,,,0.000000,0.000000,,"",,,,,,,,,,
"64303400002322","Nodes","2322",21.000000,37.616164,"Default Known Flow Node","Known Flow",354777.987694,633945.949712,,0.000000,,,,,,,,,,,0.000000,0.000000,,"",,,,,,,,,,
"64303400002308","Nodes","2308",21.000000,37.616164,"Default Known Flow Node","Known Flow",354792.987698,633936.574709,,0.000000,,,,,,,,,,,0.000000,0.000000,,"",,,,,,,,,,
"64303400002310","Nodes","2310",21.000000,37.616164,"Default Known Flow Node","Known Flow",354790.487697,633942.699711,,0.000000,,,,,,,,,,,0.000000,0.000000,,"",,,,,,,,,,
"64303400002272","Nodes","2272",21.000000,37.616164,"Default Known Flow Node","Known Flow",354787.487697,633947.324712,,0.000000,,,,,,,,,,,0.000000,0.000000,,"",,,,,,,,,,
"64303400000260","Nodes","260",21.000000,31.830747,"DDS demands","Known Flow",354530.612627,633774.324665,,0.000000,,,,,,-12.919999,,,,,-11.553295,-12.919999,,"",,,,,,"D1 PROFILE",,,,
"64303400000079","Nodes","79",21.000000,42.606339,"Default Known Flow Node","Known Flow",355112.362785,633964.074717,,0.000000,,,,,,,,,,,0.000000,0.000000,,"",,,,,,,,,,
"64303400002325","Nodes","2325",21.000000,30.615474,"Default Known Flow Node","Known Flow",352836.077166,634359.184824,,0.000000,,,,,,,,,,,0.000000,0.000000,,"",,,,,,,,,,
"64303400000021","Nodes","21",21.000000,30.395173,"DDS demands","Known Flow",352989.953208,634404.549837,,0.000000,,,,,,-12.740000,,,,,-11.392336,-12.740000,,"",,,,,,"D1 PROFILE",,,,
"64303400000204","Nodes","204",21.000000,31.659806,"DDS demands","Known Flow",353165.737255,634434.949845,,0.000000,,,,,,-5.270000,,,,,-4.712528,-5.270000,,"",,,,,,"D1 PROFILE",,,,
"64303400000205","Nodes","205",21.000000,29.367291,"DDS demands","Known Flow",353169.737256,634360.824825,,0.000000,,,,,,-3.880000,,,,,-3.469565,-3.880000,,"",,,,,,"D1 PROFILE",,,,
"64303400000207","Nodes","207",21.000000,29.048076,"DDS demands","Known Flow",353174.987258,634222.824787,,0.000000,,,,,,-4.480000,,,,,-4.006096,-4.480000,,"",,,,,,"D1 PROFILE",,,,
"64303400000206","Nodes","206",21.000000,29.313412,"DDS demands","Known Flow",353159.612254,634355.824824,,0.000000,,,,,,-15.290000,,,,,-13.672592,-15.290000,,"",,,,,,"D1 PROFILE",,,,
"64303400000276","Nodes","276",21.000000,28.928107,"DDS demands","Known Flow",353132.362246,634207.949783,,0.000000,,,,,,-4.909999,,,,,-4.390609,-4.909999,,"",,,,,,"D1 PROFILE",,,,
"64303400000274","Nodes","274",21.000000,28.990597,"Default Known Flow Node","Known Flow",353169.487256,634194.949780,,0.000000,,,,,,,,,,,0.000000,0.000000,,"",,,,,,,,,,
"64303400000275","Nodes","275",21.000000,28.990348,"DDS demands","Known Flow",353172.237257,634187.074778,,0.000000,,,,,,-0.649999,,,,,-0.581241,-0.649999,,"",,,,,,"D1 PROFILE",,,,
"64303400002319","Nodes","2319",21.000000,30.327518,"DDS demands","Known Flow",353157.279287,634391.425511,,0.000000,,,,,,-4.090000,,,,,-3.657351,-4.090000,,"",,,,,,"D1 PROFILE",,,,
"64303400002361","Nodes","2361",21.000000,31.890794,"Default Known Flow Node","Known Flow",353171.487257,634470.199855,,0.000000,,,,,,,,,,,0.000000,0.000000,,"",,,,,,,,,,
"64303400000241","Nodes","241",21.000000,28.187866,"Default Known Flow Node","Known Flow",353210.862268,634327.199816,,0.000000,,,,,,,,,,,0.000000,0.000000,,"",,,,,,,,,,
"64303400000208","Nodes","208",21.000000,28.395949,"DDS demands","Known Flow",353199.612265,634320.074814,,0.000000,,,,,,-0.440000,,,,,-0.393455,-0.440000,,"",,,,,,"D1 PROFILE",,,,
"64303400000030","Nodes","30",21.000000,25.891212,"DDS demands","Known Flow",353327.737299,634376.449829,,0.000000,,,,,,-12.409999,,,,,-11.097243,-12.409999,,"",,,,,,"D1 PROFILE",,,,
"64303400000209","Nodes","209",21.000000,28.378206,"DDS demands","Known Flow",353201.237265,634307.199810,,0.000000,-2.630000,,,,,-14.680000,,,,,-15.478912,-17.310000,,"","C1 PROFILE",,,,,"D1 PROFILE",,,,
"64303400002239","Nodes","2239",21.000000,28.368600,"DDS demands","Known Flow",353188.987262,634307.699810,,0.000000,,,,,,-3.339999,,,,,-2.986687,-3.339999,,"",,,,,,"D1 PROFILE",,,,
"64303400002317","Nodes","2317",21.000000,28.315421,"DDS demands","Known Flow",353198.432729,634283.788963,,0.000000,,,,,,-2.180000,,,,,-1.949395,-2.180000,,"",,,,,,"D1 PROFILE",,,,
"64303400002237","Nodes","2237",21.000000,25.171626,"DDS demands","Known Flow",353307.987294,634147.574767,,0.000000,,,,,,-10.779999,,,,,-9.639668,-10.779999,,"",,,,,,"D1 PROFILE",,,,
"64303400000210","Nodes","210",21.000000,28.128441,"DDS demands","Known Flow",353232.737274,634239.449792,,0.000000,,,,,,-4.480000,,,,,-4.006096,-4.480000,,"",,,,,,"D1 PROFILE",,,,
"64303400000242","Nodes","242",21.000000,30.484084,"DDS demands","Known Flow",353319.237297,634448.199849,,0.000000,,,,,,-10.989999,,,,,-9.827454,-10.989999,,"",,,,,,"D1 PROFILE",,,,
"64303400002351","Nodes","2351",21.000000,30.308396,"Default Known Flow Node","Known Flow",353329.612300,634428.699843,,0.000000,,,,,,,,,,,0.000000,0.000000,,"",,,,,,,,,,
"64303400000107","Nodes","107",21.000000,31.612817,"DDS demands","Known Flow",353206.612266,634445.949848,,0.000000,,,,,,-6.409999,,,,,-5.731936,-6.409999,,"",,,,,,"D1 PROFILE",,,,
"64303400000321","Nodes","321",21.000000,29.581688,"DDS demands","Known Flow",353957.362471,634194.824780,,0.000000,,,,,,-9.880000,,,,,-8.834873,-9.880000,,"",,,,,,"D1 PROFILE",,,,
"64303400000322","Nodes","322",21.000000,29.625719,"Default Known Flow Node","Known Flow",353953.237470,634155.824769,,0.000000,,,,,,,,,,,0.000000,0.000000,,"",,,,,,,,,,
"64303400000046","Nodes","46",21.000000,30.438905,"DDS demands","Known Flow",354008.862485,634205.574783,,0.000000,-1.249999,,,,,-6.409999,,,,,-6.849708,-7.659999,,"","C1 PROFILE",,,,,"D1 PROFILE",,,,
"64303400000054","Nodes","54",21.000000,35.203124,"DDS demands","Known Flow",354175.362530,634064.449744,,0.000000,,,,,,-12.520000,,,,,-11.195608,-12.520000,,"",,,,,,"D1 PROFILE",,,,
"64303400000495","Nodes","495",21.000000,35.795317,"Default Known Flow Node","Known Flow",354278.112558,634089.949751,,0.000000,,,,,,,,,,,0.000000,0.000000,,"",,,,,,,,,,
"64303400000044","Nodes","44",21.000000,28.976725,"Default Known Flow Node","Known Flow",354026.737490,634122.949760,,0.000000,,,,,,,,,,,0.000000,0.000000,,"",,,,,,,,,,
"64303400000045","Nodes","45",21.000000,28.656816,"DDS demands","Known Flow",354194.862535,634125.074761,,0.000000,,,,,,-12.010000,,,,,-10.739556,-12.010000,,"",,,,,,"D1 PROFILE",,,,
"64303400000059","Nodes","59",21.000000,34.117885,"DDS demands","Known Flow",354200.809537,634370.743828,,0.000000,,,,,,-10.310000,,,,,-9.219387,-10.310000,,"",,,,,,"D1 PROFILE",,,,
"64303400002297","Nodes","2297",21.000000,34.773059,"Default Known Flow Node","Known Flow",354246.987550,634378.949830,,0.000000,,,,,,,,,,,0.000000,0.000000,,"",,,,,,,,,,
"64303400002290","Nodes","2290",21.000000,37.255649,"Default Known Flow Node","Known Flow",354387.204476,634155.913766,,0.000000,,,,,,,,,,,0.000000,0.000000,,"",,,,,,,,,,
"64303400000251","Nodes","251",21.000000,37.737598,"DDS demands","Known Flow",354393.487589,634171.949774,,0.000000,,,,,,-0.460000,,,,,-0.411340,-0.460000,,"",,,,,,"D1 PROFILE",,,,
"64303400002283","Nodes","2283",21.000000,37.737890,"Default Known Flow Node","Known Flow",354391.487589,634172.574774,,0.000000,,,,,,,,,,,0.000000,0.000000,,"",,,,,,,,,,
"64303400000295","Nodes","295",21.000000,35.828054,"DDS demands","Known Flow",354270.362556,634078.574748,,0.000000,,-25.850000,,,,,,,,,-23.115534,-25.850000,,"",,"C2 PROFILE",,,,,,,,
"64303400000296","Nodes","296",21.000000,35.828054,"Default Known Flow Node","Known Flow",354253.987551,634048.074740,,0.000000,,,,,,,,,,,0.000000,0.000000,,"",,,,,,,,,,
"64303400000047","Nodes","47",21.000000,36.488856,"DDS demands","Known Flow",354114.237513,634227.949789,,0.000000,,,,,,-9.590000,,,,,-8.575549,-9.590000,,"",,,,,,"D1 PROFILE",,,,
"64303400000041","Nodes","41",21.000000,27.618874,"DDS demands","Known Flow",354026.862490,634008.074729,,0.000000,,,,,,-12.740000,,,,,-11.392336,-12.740000,,"",,,,,,"D1 PROFILE",,,,
"64303400000042","Nodes","42",21.000000,27.608367,"Default Known Flow Node","Known Flow",354027.862490,634001.824727,,0.000000,,,,,,,,,,,0.000000,0.000000,,"",,,,,,,,,,
"64303400002233","Nodes","2233",21.000000,27.692639,"DDS demands","Known Flow",353953.755291,634029.516960,,0.000000,-5.519999,,,,,-16.850000,,,,,-20.003653,-22.369999,,"","C1 PROFILE",,,,,"D1 PROFILE",,,,
"64303400002311","Nodes","2311",21.000000,27.520104,"Default Known Flow Node","Known Flow",354093.237508,634012.949730,,0.000000,,,,,,,,,,,0.000000,0.000000,,"",,,,,,,,,,
"64303400000256","Nodes","256",21.000000,37.186472,"Default Known Flow Node","Known Flow",354418.906475,634199.209272,,0.000000,,,,,,,,,,,0.000000,0.000000,,"",,,,,,,,,,
"64303400002338","Nodes","2338",21.000000,35.912112,"Default Known Flow Node","Known Flow",354369.987583,634108.074756,,0.000000,,,,,,,,,,,0.000000,0.000000,,"",,,,,,,,,,
"64303400000117","Nodes","117",21.000000,35.111599,"DDS demands","Known Flow",354333.737573,634122.449760,,0.000000,-22.030001,,,,,,,,,,-19.699622,-22.030001,,"","C1 PROFILE",,,,,,,,,
"64303400002292","Nodes","2292",21.000000,37.298989,"Default Known Flow Node","Known Flow",354354.362579,634168.074772,,0.000000,,,,,,,,,,,0.000000,0.000000,,"",,,,,,,,,,
"64303400002336","Nodes","2336",21.000000,37.704171,"Default Known Flow Node","Known Flow",354390.487589,634172.949774,,0.000000,,,,,,,,,,,0.000000,0.000000,,"",,,,,,,,,,
"64303400002312","Nodes","2312",21.000000,37.500281,"Default Known Flow Node","Known Flow",354390.237589,634178.949775,,0.000000,,,,,,,,,,,0.000000,0.000000,,"",,,,,,,,,,
"64303400000281","Nodes","281",21.000000,36.246924,"DDS demands","Known Flow",354716.237677,634010.949730,,0.000000,-5.179999,,-40.369998,,,-4.460000,,,,,-44.719834,-50.009999,,"","C1 PROFILE",,"C3  PROFILE",,,"D1 PROFILE",,,,
"64303400000303","Nodes","303",21.000000,33.389473,"DDS demands","Known Flow",354800.362700,634348.324822,,0.000000,,,,,,-6.429999,,,,,-5.749820,-6.429999,,"",,,,,,"D1 PROFILE",,,,
"64303400002282","Nodes","2282",21.000000,33.931219,"Default Known Flow Node","Known Flow",354777.987694,634279.949803,,0.000000,,,,,,,,,,,0.000000,0.000000,,"",,,,,,,,,,
"64303400002332","Nodes","2332",21.000000,31.297948,"DDS demands","Known Flow",354522.862625,634024.949734,,0.000000,,-6.000000,,,,,,,,,-5.365307,-6.000000,,"",,"C2 PROFILE",,,,,,,,
"64303400000228","Nodes","228",21.000000,35.870247,"DDS demands","Known Flow",354568.737637,634081.449749,,0.000000,,,,,,-1.259999,,,,,-1.126714,-1.259999,,"",,,,,,"D1 PROFILE",,,,
"64303400000223","Nodes","223",21.000000,36.032839,"Default Known Flow Node","Known Flow",354587.915642,634116.804759,,0.000000,,,,,,,,,,,0.000000,0.000000,,"",,,,,,,,,,
"64303400000288","Nodes","288",21.000000,36.248124,"Default Known Flow Node","Known Flow",354539.602611,634142.881196,,0.000000,,,,,,,,,,,0.000000,0.000000,,"",,,,,,,,,,
"64303400000313","Nodes","313",21.000000,36.469085,"Default Known Flow Node","Known Flow",354509.998621,634156.282769,,0.000000,,,,,,,,,,,0.000000,0.000000,,"",,,,,,,,,,
"64303400000289","Nodes","289",21.000000,36.790201,"Default Known Flow Node","Known Flow",354557.987634,634199.449781,,0.000000,,,,,,,,,,,0.000000,0.000000,,"",,,,,,,,,,
"64303400002279","Nodes","2279",21.000000,36.511122,"Default Known Flow Node","Known Flow",354534.237628,634229.949789,,0.000000,,,,,,,,,,,0.000000,0.000000,,"",,,,,,,,,,
"64303400000290","Nodes","290",21.000000,36.511122,"DDS demands","Known Flow",354549.737632,634226.199788,,0.000000,-11.029999,,,,,,,,,,-9.863223,-11.029999,,"","C1 PROFILE",,,,,,,,,
"64303400000292","Nodes","292",21.000000,36.372682,"Default Known Flow Node","Known Flow",354556.237634,634252.949796,,0.000000,,,,,,,,,,,0.000000,0.000000,,"",,,,,,,,,,
"64303400000280","Nodes","280",21.000000,35.968109,"DDS demands","Known Flow",354622.487652,634094.699752,,0.000000,,,,,,-6.599999,,,,,-5.901837,-6.599999,,"",,,,,,"D1 PROFILE",,,,
"64303400000058","Nodes","58",21.000000,35.877147,"DDS demands","Known Flow",354584.112641,634030.199735,,0.000000,,,,,,-5.300000,,,,,-4.739355,-5.300000,,"",,,,,,"D1 PROFILE",,,,
"64303400000265","Nodes","265",21.000000,34.982833,"DDS demands","Known Flow",354744.987685,634088.324751,,0.000000,,,,,,-1.109999,,,,,-0.992581,-1.109999,,"",,,,,,"D1 PROFILE",,,,
"64303400000266","Nodes","266",21.000000,34.874291,"DDS demands","Known Flow",354782.987695,634078.824748,,0.000000,,,,,,-6.809999,,,,,-6.089623,-6.809999,,"",,,,,,"D1 PROFILE",,,,
"64303400000273","Nodes","273",21.000000,36.122321,"DDS demands","Known Flow",354729.987681,634022.324733,,0.000000,,,-13.439999,,,-0.610000,,,,,-12.563761,-14.049999,,"",,,"C3  PROFILE",,,"D1 PROFILE",,,,
"64303400002366","Nodes","2366",21.000000,36.030435,"Default Known Flow Node","Known Flow",354586.362642,634115.574758,,0.000000,,,,,,,,,,,0.000000,0.000000,,"",,,,,,,,,,
"64303400002353","Nodes","2353",21.000000,35.228106,"DDS demands","Known Flow",354712.112676,634102.449755,,0.000000,,,,,,-14.449999,,,,,-12.921448,-14.449999,,"",,,,,,"D1 PROFILE",,,,
"64303400000020","Nodes","20",21.000000,35.170946,"DDS demands","Known Flow",354712.987676,634112.324757,,0.000000,-10.580000,,,,,,,,,,-9.460826,-10.580000,,"","C1 PROFILE",,,,,,,,,
"64303400002234","Nodes","2234",21.000000,35.127429,"Default Known Flow Node","Known Flow",354706.987675,634155.324769,,0.000000,,,,,,,,,,,0.000000,0.000000,,"",,,,,,,,,,
"64303400002232","Nodes","2232",21.000000,35.074638,"Default Known Flow Node","Known Flow",354744.362685,634100.574754,,0.000000,,,,,,,,,,,0.000000,0.000000,,"",,,,,,,,,,
"64303400002368","Nodes","2368",21.000000,36.042246,"Default Known Flow Node","Known Flow",354563.924636,634128.143762,,0.000000,,,,,,,,,,,0.000000,0.000000,,"",,,,,,,,,,
"64303400002289","Nodes","2289",21.000000,36.042246,"Default Known Flow Node","Known Flow",354562.833368,634128.651381,,0.000000,,,,,,,,,,,0.000000,0.000000,,"",,,,,,,,,,
"64303400002285","Nodes","2285",21.000000,36.034310,"DDS demands","Known Flow",354587.163180,634117.184022,,0.000000,-6.000000,,,,,,,,,,-5.365307,-6.000000,,"","C1 PROFILE",,,,,,,,,
"64303400002316","Nodes","2316",21.000000,42.436727,"Default Known Flow Node","Known Flow",355104.237783,634014.824731,,0.000000,,,,,,,,,,,0.000000,0.000000,,"",,,,,,,,,,
"64303400000080","Nodes","80",21.000000,42.414823,"DDS demands","Known Flow",355099.737782,634017.449731,,0.000000,,,,,,-10.189999,,,,,-9.112080,-10.189999,,"",,,,,,"D1 PROFILE",,,,
"64303400002278","Nodes","2278",21.000000,42.239553,"Default Known Flow Node","Known Flow",355079.987776,634045.324739,,0.000000,,,,,,,,,,,0.000000,0.000000,,"",,,,,,,,,,
"64303400002276","Nodes","2276",21.000000,42.652617,"DDS demands","Known Flow",355244.237821,634054.324742,,0.000000,,,,,,-3.349999,,,,,-2.995629,-3.349999,,"",,,,,,"D1 PROFILE",,,,
"64303400000323","Nodes","323",21.000000,42.229670,"DDS demands","Known Flow",355080.987777,634066.574745,,0.000000,,,,,,-6.439999,,,,,-5.758763,-6.439999,,"",,,,,,"D1 PROFILE",,,,
"64303400002318","Nodes","2318",21.000000,41.538921,"DDS demands","Known Flow",355063.987772,634013.449730,,0.000000,,,,,,,,,-15.999999,,-14.307486,-15.999999,,"",,,,,,,,,"I2 PROFILE",
"64303400002294","Nodes","2294",21.000000,49.920675,"Default Known Flow Node","Known Flow",355857.372988,634137.720764,,0.000000,,,,,,,,,,,0.000000,0.000000,,"",,,,,,,,,,
"64303400000213","Nodes","213",21.000000,33.244982,"DDS demands","Known Flow",356210.392084,634244.096793,,0.000000,,,,,,-14.800000,,,,,-13.234425,-14.800000,,"",,,,,,"D1 PROFILE",,,,
"64303400000096","Nodes","96",21.000000,41.799666,"DDS demands","Known Flow",356032.119035,634219.084786,,0.000000,,,,,,-1.339999,,,,,-1.198251,-1.339999,,"",,,,,,"D1 PROFILE",,,,
"64303400002245","Nodes","2245",21.000000,32.383249,"Default Known Flow Node","Known Flow",356240.376092,634283.581804,,0.000000,,,,,,,,,,,0.000000,0.000000,,"",,,,,,,,,,
"64303400000003","Nodes","NEWSTEAD DG, Clocked, Site ID 6300",21.000000,43.000001,"Default Known Pressure Node","Known Pressure",356033.887036,634194.587780,,999998.967025,,,,,,,,,,,86.542410,96.779997,,"",,,,,,,,,,
"64303400000214","Nodes","214",21.000000,32.920270,"DDS demands","Known Flow",356247.117094,634150.818768,,0.000000,,,,,,-11.310000,,,,,-10.113604,-11.310000,,"",,,,,,"D1 PROFILE",,,,
"64303400000233","Nodes","233",21.000000,28.962968,"Default Known Flow Node","Known Flow",356452.723150,634221.571787,,0.000000,,,,,,,,,,,0.000000,0.000000,,"",,,,,,,,,,
"64303400000234","Nodes","234",21.000000,28.942537,"Default Known Flow Node","Known Flow",356461.756152,634222.687787,,0.000000,,,,,,,,,,,0.000000,0.000000,,"",,,,,,,,,,
"64303400000235","Nodes","235",21.000000,28.338328,"Default Known Flow Node","Known Flow",356479.602157,634195.964780,,0.000000,,,,,,,,,,,0.000000,0.000000,,"",,,,,,,,,,
"64303400000236","Nodes","236",21.000000,28.185457,"Default Known Flow Node","Known Flow",356481.348158,634188.576778,,0.000000,,,,,,,,,,,0.000000,0.000000,,"",,,,,,,,,,
"64303400000237","Nodes","237",21.000000,26.971935,"DDS demands","Known Flow",356412.902139,634157.829770,,0.000000,,,,,,-11.340000,,,,,-10.140432,-11.340000,,"",,,,,,"D1 PROFILE",,,,
"64303400000261","Nodes","261",21.000000,26.732707,"DDS demands","Known Flow",356353.687903,634153.699956,,0.000000,,,,,,-4.130000,,,,,-3.693120,-4.130000,,"",,,,,,"D1 PROFILE",,,,
"64303400002321","Nodes","2321",21.000000,26.732707,"Default Known Flow Node","Known Flow",356352.452122,634153.613769,,0.000000,,,,,,,,,,,0.000000,0.000000,,"",,,,,,,,,,
"64303400000010","Nodes","10",21.000000,26.446482,"DDS demands","Known Flow",356324.762115,634174.684774,,0.000000,,,,,,-4.389999,,,,,-3.925616,-4.389999,,"",,,,,,"D1 PROFILE",,,,
"64303400002243","Nodes","2243",21.000000,26.446482,"Default Known Flow Node","Known Flow",356315.771113,634174.526774,,0.000000,,,,,,,,,,,0.000000,0.000000,,"",,,,,,,,,,
"64303400002306","Nodes","2306",21.000000,29.443735,"Default Known Flow Node","Known Flow",356406.728629,634221.504333,,0.000000,,,,,,,,,,,0.000000,0.000000,,"",,,,,,,,,,
"64303400002241","Nodes","2241",21.000000,29.978193,"Default Known Flow Node","Known Flow",356367.712127,634259.482797,,0.000000,,,,,,,,,,,0.000000,0.000000,,"",,,,,,,,,,
"64303400002228","Nodes","2228",21.000000,29.405783,"DDS demands","Known Flow",356385.855132,634198.985781,,0.000000,,,,,,-0.639999,,,,,-0.572299,-0.639999,,"",,,,,,"D1 PROFILE",,,,
"64303400000246","Nodes","246",21.000000,31.955559,"Default Known Flow Node","Known Flow",353187.362261,634504.824864,,0.000000,,,,,,,,,,,0.000000,0.000000,,"",,,,,,,,,,
"64303400000245","Nodes","245",21.000000,31.508937,"DDS demands","Known Flow",353224.362271,634504.824864,,0.000000,,,,,,-3.150000,,,,,-2.816786,-3.150000,,"",,,,,,"D1 PROFILE",,,,
"64303400000105","Nodes","105",21.000000,31.135962,"DDS demands","Known Flow",353254.362279,634504.699864,,0.000000,,,,,,-5.780000,,,,,-5.168579,-5.780000,,"",,,,,,"D1 PROFILE",,,,
"64303400002235","Nodes","2235",21.000000,30.546989,"Default Known Flow Node","Known Flow",353371.367067,634512.799399,,0.000000,,,,,,,,,,,0.000000,0.000000,,"",,,,,,,,,,
"64303400000247","Nodes","DARNICK DG, Clocked, Site ID 6297",21.000000,32.000001,"Default Known Pressure Node","Known Pressure",353185.237261,634511.074866,,999998.967025,,,,,,,,,,,202.179468,226.096436,,"",,,,,,,,,,
"64303400002315","Nodes","2315",21.000000,30.841867,"Default Known Flow Node","Known Flow",353310.862295,634504.824864,,0.000000,,,,,,,,,,,0.000000,0.000000,,"",,,,,,,,,,
"64303400000103","Nodes","P00017068, Ladyswalk, 30.18",22.999998,30.476337,"CSEP DDS Matched","Known Flow",353408.987322,634519.824868,,0.000000,,,,,,-8.209999,0.000000,,,,-7.341529,-8.209999,,"",,,,,,"D1 PROFILE","DC PROFILE",,,
"64303400000106","Nodes","106",21.000000,30.342825,"DDS demands","Known Flow",353383.112315,634479.324857,,0.000000,,,,,,-7.030000,,,,,-6.286352,-7.030000,,"",,,,,,"D1 PROFILE",,,,
"64303400000271","Nodes","271",21.000000,48.827083,"DDS demands","Known Flow",353965.526473,635070.757018,,0.000000,,,,,,-10.180000,,,,,-9.103139,-10.180000,,"",,,,,,"D1 PROFILE",,,,
"64303400000269","Nodes","269",21.000000,49.601216,"DDS demands","Known Flow",353837.193438,635060.742015,,0.000000,,,,,,-5.010000,,,,,-4.480031,-5.010000,,"",,,,,,"D1 PROFILE",,,,
"64303400000267","Nodes","GATTONSIDE DG, Tel, Site ID 6298",21.000000,49.999998,"Default Known Pressure Node","Known Pressure",353843.723440,635023.454005,,999998.967025,,,,,,,,,,,21.988818,24.589999,,"",,,,,,,,,,
"64303400000270","Nodes","270",21.000000,49.597537,"DDS demands","Known Flow",353820.761434,635059.475015,,0.000000,,,,,,-6.969999,,,,,-6.232698,-6.969999,,"",,,,,,"D1 PROFILE",,,,
"64303400000268","Nodes","268",21.000000,50.046383,"DDS demands","Known Flow",353842.891440,635044.825011,,0.000000,,,,,,-2.430000,,,,,-2.172949,-2.430000,,"",,,,,,"D1 PROFILE",,,,
"64303400002244","Nodes","2244",21.000000,28.065377,"Default Known Flow Node","Known Flow",354296.362563,633452.074578,,0.000000,,,,,,,,,,,0.000000,0.000000,,"",,,,,,,,,,
"64303400000259","Nodes","259",21.000000,28.145204,"DDS demands","Known Flow",354294.237562,633482.324586,,0.000000,,,,,,-2.539999,,,,,-2.271313,-2.539999,,"",,,,,,"D1 PROFILE",,,,
"64303400000101","Nodes","101",21.000000,25.487292,"Default Known Flow Node","Known Flow",354188.612534,633322.449542,,0.000000,,,,,,,,,,,0.000000,0.000000,,"",,,,,,,,,,
"64303400002347","Nodes","2347",21.000000,28.174756,"DDS demands","Known Flow",354406.862593,633469.074582,,0.000000,,,,,,-4.400000,,,,,-3.934558,-4.400000,,"",,,,,,"D1 PROFILE",,,,
"64303400002246","Nodes","2246",21.000000,26.974631,"Default Known Flow Node","Known Flow",354344.237576,633329.949544,,0.000000,,,,,,,,,,,0.000000,0.000000,,"",,,,,,,,,,
"64303400002313","Nodes","2313",21.000000,24.396591,"Default Known Flow Node","Known Flow",353503.861771,633790.413670,,0.000000,,,,,,,,,,,0.000000,0.000000,,"",,,,,,,,,,
"64303400000331","Nodes","331",21.000000,24.456491,"Default Known Flow Node","Known Flow",353514.612350,633916.324704,,0.000000,,,,,,,,,,,0.000000,0.000000,,"",,,,,,,,,,
"64303400000332","Nodes","332",21.000000,24.389800,"DDS demands","Known Flow",353526.063353,633917.413704,,0.000000,,,,,,-1.900000,,,,,-1.699014,-1.900000,,"",,,,,,"D1 PROFILE",,,,
"64303400000068","Nodes","68",21.000000,30.084674,"DDS demands","Known Flow",354537.481936,633601.947082,,0.000000,,,,,,-16.479999,,,,,-14.736710,-16.479999,,"",,,,,,"D1 PROFILE",,,,
"64303400002260","Nodes","2260",21.000000,35.602836,"Default Known Flow Node","Known Flow",354734.112682,633816.324677,,0.000000,,,,,,,,,,,0.000000,0.000000,,"",,,,,,,,,,
"64303400002300","Nodes","2300",21.000000,36.108197,"DDS demands","Known Flow",354254.987552,634329.699816,,0.000000,,,,,,-6.949999,,,,,-6.214813,-6.949999,,"",,,,,,"D1 PROFILE",,,,
"64303400000216","Nodes","216",21.000000,36.897021,"DDS demands","Known Flow",354391.862589,634148.449767,,0.000000,,,,,,-4.480000,,,,,-4.006096,-4.480000,,"",,,,,,"D1 PROFILE",,,,
"64303400002266","Nodes","2266",21.000000,37.364780,"Default Known Flow Node","Known Flow",354393.862590,634195.699780,,0.000000,,,,,,,,,,,0.000000,0.000000,,"",,,,,,,,,,
"64303400002227","Nodes","2227",21.000000,36.215272,"Default Known Flow Node","Known Flow",354258.612553,634312.699812,,0.000000,,,,,,,,,,,0.000000,0.000000,,"",,,,,,,,,,
"64303400002258","Nodes","2258",21.000000,37.364780,"Default Known Flow Node","Known Flow",354396.737590,634203.199782,,0.000000,,,,,,,,,,,0.000000,0.000000,,"",,,,,,,,,,
"64303400002345","Nodes","2345",21.000000,37.353511,"Default Known Flow Node","Known Flow",354395.237590,634195.074780,,0.000000,,,,,,,,,,,0.000000,0.000000,,"",,,,,,,,,,
"64303400000083","Nodes","83",21.000000,34.658274,"DDS demands","Known Flow",354794.737699,634134.824763,,0.000000,-6.000000,,,,,-9.989999,,,,,-14.298544,-15.989999,,"","C1 PROFILE",,,,,"D1 PROFILE",,,,
"64303400000212","Nodes","212",21.000000,35.033977,"DDS demands","Known Flow",354744.112685,634111.824757,,0.000000,,,,,,-3.440000,,,,,-3.076109,-3.440000,,"",,,,,,"D1 PROFILE",,,,
"64303400002344","Nodes","2344",21.000000,35.034047,"Default Known Flow Node","Known Flow",354743.362685,634109.949757,,0.000000,,,,,,,,,,,0.000000,0.000000,,"",,,,,,,,,,
"64303400000293","Nodes","293",21.000000,35.469833,"DDS demands","Known Flow",354590.612643,634253.074796,,0.000000,,-19.709998,,,,-5.830000,,,,,-22.838323,-25.539998,,"",,"C2 PROFILE",,,,"D1 PROFILE",,,,
"64303400000328","Nodes","328",21.000000,35.636785,"Default Known Flow Node","Known Flow",354656.112661,634110.574757,,0.000000,,,,,,,,,,,0.000000,0.000000,,"",,,,,,,,,,
"64303400000337","Nodes","337",21.000000,35.593314,"Default Known Flow Node","Known Flow",354666.237664,634151.699768,,0.000000,,,,,,,,,,,0.000000,0.000000,,"",,,,,,,,,,
"64303400000264","Nodes","264",21.000000,34.893795,"DDS demands","Known Flow",354802.237701,634089.199751,,0.000000,,,,,,-1.999999,,,,,-1.788435,-1.999999,,"",,,,,,"D1 PROFILE",,,,
"64303400002236","Nodes","2236",21.000000,36.371326,"DDS demands","Known Flow",354448.737604,634041.324738,,0.000000,,,,-8.270000,,,,,,,-7.395182,-8.270000,,"",,,,"C4 PROFILE",,,,,,
"64303400000338","Nodes","338",21.000000,35.549851,"Default Known Flow Node","Known Flow",354719.362678,634180.074776,,0.000000,,,,,,,,,,,0.000000,0.000000,,"",,,,,,,,,,
"64303400002222","Nodes","2222",21.000000,28.990538,"Default Known Flow Node","Known Flow",356508.266165,634297.170808,,0.000000,,,,,,,,,,,0.000000,0.000000,,"",,,,,,,,,,
"64303400002264","Nodes","2264",21.000000,26.318887,"Default Known Flow Node","Known Flow",354211.612540,633337.699547,,0.000000,,,,,,,,,,,0.000000,0.000000,,"",,,,,,,,,,
"64303400000311","Nodes","311",21.000000,24.914180,"DDS demands","Known Flow",354203.487538,633379.949558,,0.000000,,,,,,-15.070000,,,,,-13.475863,-15.070000,,"",,,,,,"D1 PROFILE",,,,
"64303400000339","Nodes","339",21.000000,24.769518,"DDS demands","Known Flow",354267.612555,633439.324574,,0.000000,,,,,,-5.820000,,,,,-5.204348,-5.820000,,"",,,,,,"D1 PROFILE",,,,
"64303400000340","Nodes","340",21.000000,24.737055,"DDS demands","Known Flow",354272.237556,633374.074556,,0.000000,,,,,,-9.580000,,,,,-8.566607,-9.580000,,"",,,,,,"D1 PROFILE",,,,
"64303400002259","Nodes","2259",21.000000,25.620735,"Default Known Flow Node","Known Flow",353445.237331,634132.574763,,0.000000,,,,,,,,,,,0.000000,0.000000,,"",,,,,,,,,,
"64303400002261","Nodes","2261",21.000000,25.649995,"Default Known Flow Node","Known Flow",353441.112330,634140.949765,,0.000000,,,,,,,,,,,0.000000,0.000000,,"",,,,,,,,,,
"64303400002341","Nodes","2341",21.000000,25.627325,"Default Known Flow Node","Known Flow",353435.862329,634132.574763,,0.000000,,,,,,,,,,,0.000000,0.000000,,"",,,,,,,,,,
"64303400000050","Nodes","50",21.000000,35.990214,"Default Known Flow Node","Known Flow",354307.862566,634366.449826,,0.000000,,,,,,,,,,,0.000000,0.000000,,"",,,,,,,,,,
"64303400002255","Nodes","2255",21.000000,35.990214,"Default Known Flow Node","Known Flow",354309.362567,634364.324826,,0.000000,,,,,,,,,,,0.000000,0.000000,,"",,,,,,,,,,
"64303400002333","Nodes","2333",21.000000,35.911931,"DDS demands","Known Flow",354335.362574,634387.199832,,0.000000,-6.000000,,,,,,,,,,-5.365307,-6.000000,,"","C1 PROFILE",,,,,,,,,
"64303400002249","Nodes","2249",21.000000,42.645294,"Default Known Flow Node","Known Flow",355211.612812,634040.949738,,0.000000,,,,,,,,,,,0.000000,0.000000,,"",,,,,,,,,,
"64303400002253","Nodes","2253",21.000000,42.514962,"Default Known Flow Node","Known Flow",355172.362801,634027.824734,,0.000000,,,,,,,,,,,0.000000,0.000000,,"",,,,,,,,,,
"64303400002331","Nodes","2331",21.000000,42.728809,"Default Known Flow Node","Known Flow",355187.343329,634031.876348,,0.000000,,,,,,,,,,,0.000000,0.000000,,"",,,,,,,,,,
"64303400002251","Nodes","2251",21.000000,42.728809,"Default Known Flow Node","Known Flow",355188.862806,634032.449736,,0.000000,,,,,,,,,,,0.000000,0.000000,,"",,,,,,,,,,
"64303400002329","Nodes","2329",21.000000,42.705047,"Default Known Flow Node","Known Flow",355192.612807,634033.949736,,0.000000,,,,,,,,,,,0.000000,0.000000,,"",,,,,,,,,,
"64303400000005","Nodes","Dean Park RRI",21.000000,49.999998,"Default Known Pressure Node","Known Pressure",355851.597986,634139.190765,,999998.967025,,,,,,,,,,,14.960265,16.729999,,"",,,,,,,,,,
"64303400000318","Nodes","318",21.000000,48.847228,"DDS demands","Known Flow",355929.356007,634135.390764,,0.000000,,,,,,-16.729999,,,,,-14.960265,-16.729999,,"",,,,,,"D1 PROFILE",,,,
"64303400002335","Nodes","2335",21.000000,30.842099,"Default Known Flow Node","Known Flow",353313.737296,634504.824864,,0.000000,,,,,,,,,,,0.000000,0.000000,,"",,,,,,,,,,
"64303400002337","Nodes","2337",21.000000,31.524364,"Default Known Flow Node","Known Flow",353218.112270,634504.824864,,0.000000,,,,,,,,,,,0.000000,0.000000,,"",,,,,,,,,,
"64303400002257","Nodes","2257",21.000000,30.844744,"Default Known Flow Node","Known Flow",353306.862294,634504.824864,,0.000000,,,,,,,,,,,0.000000,0.000000,,"",,,,,,,,,,
"64303400000324","Nodes","324",21.000000,39.722072,"DDS demands","Known Flow",354485.612615,635202.450054,,0.000000,,,,,,-4.060000,,,,,-3.630524,-4.060000,,"",,,,,,"D1 PROFILE",,,,
"64303400002356","Nodes","2356",21.000000,33.215046,"Default Known Flow Node","Known Flow",354475.737612,635259.825070,,0.000000,,,,,,,,,,,0.000000,0.000000,,"",,,,,,,,,,
"64303400000326","Nodes","P00054626, Gattonside, 57.23",22.999998,32.802035,"CSEP DDS Matched","Known Flow",354474.237611,635263.325070,,0.000000,,,,,,,-57.229998,,,,-51.176088,-57.229998,,"",,,,,,,"DC PROFILE",,,
"64303400000325","Nodes","325",21.000000,39.591942,"Default Known Flow Node","Known Flow",354397.737591,635214.575057,,0.000000,,,,,,,,,,,0.000000,0.000000,,"",,,,,,,,,,
"64303400000327","Nodes","327",21.000000,33.215046,"Default Known Flow Node","Known Flow",354514.987623,635257.450069,,0.000000,,,,,,,,,,,0.000000,0.000000,,"",,,,,,,,,,
"64303400000006","Nodes","Monkswood RRI",21.000000,49.999998,"Default Known Pressure Node","Known Pressure",354556.237634,635177.950047,,999998.967025,,,,,,,,,,,54.806614,61.289998,,"",,,,,,,,,,
"64303400002369","Nodes","2369",21.000000,29.172665,"Default Known Flow Node","Known Flow",356429.978144,634220.324787,,0.000000,,,,,,,,,,,0.000000,0.000000,,"",,,,,,,,,,
"64303400002327","Nodes","2327",21.000000,25.119625,"Default Known Flow Node","Known Flow",354169.237528,633364.324554,,0.000000,,,,,,,,,,,0.000000,0.000000,,"",,,,,,,,,,
"64303400002367","Nodes","2367",21.000000,36.407005,"DDS demands","Known Flow",354229.862545,634231.449790,,0.000000,,-21.170001,,,,,,,,,-18.930594,-21.170001,,"",,"C2 PROFILE",,,,,,,,
"64303400002350","Nodes","2350",21.000000,36.699379,"Default Known Flow Node","Known Flow",354230.612545,634246.449794,,0.000000,,,,,,,,,,,0.000000,0.000000,,"",,,,,,,,,,
"64303400002358","Nodes","2358",21.000000,28.816219,"DDS demands","Known Flow",354029.112490,634111.824757,,0.000000,,,,,,-4.659999,,,,,-4.167055,-4.659999,,"",,,,,,"D1 PROFILE",,,,
"64303400002250","Nodes","2250",21.000000,28.793836,"Default Known Flow Node","Known Flow",354034.862492,634113.324758,,0.000000,,,,,,,,,,,0.000000,0.000000,,"",,,,,,,,,,
"64303400002304","Nodes","2304",21.000000,28.300693,"Default Known Flow Node","Known Flow",354344.092576,633538.852601,,0.000000,,,,,,,,,,,0.000000,0.000000,,"",,,,,,,,,,
"64303400002269","Nodes","2269",21.000000,32.977910,"Default Known Flow Node","Known Flow",354455.738606,635306.494082,,0.000000,,,,,,,,,,,0.000000,0.000000,,"",,,,,,,,,,
"64303400002248","Nodes","2248",21.000000,32.977910,"Default Known Flow Node","Known Flow",354466.562609,635275.828074,,0.000000,,,,,,,,,,,0.000000,0.000000,,"",,,,,,,,,,
"64303400002242","Nodes","2242",21.000000,36.685451,"Default Known Flow Node","Known Flow",354267.330555,634251.135795,,0.000000,,,,,,,,,,,0.000000,0.000000,,"",,,,,,,,,,
"64303400002256","Nodes","2256",21.000000,28.658762,"DDS demands","Known Flow",354065.112500,634096.324753,,0.000000,,,,,,-8.199999,,,,,-7.332586,-8.199999,,"",,,,,,"D1 PROFILE",,,,
"64303400002352","Nodes","2352",21.000000,32.977910,"Default Known Flow Node","Known Flow",354426.278598,635281.677075,,0.000000,,,,,,,,,,,0.000000,0.000000,,"",,,,,,,,,,
"64303400002224","Nodes","2224",21.000000,27.405894,"Default Known Flow Node","Known Flow",354408.277593,633575.630611,,0.000000,,,,,,,,,,,0.000000,0.000000,,"",,,,,,,,,,
"64303400002362","Nodes","2362",21.000000,29.157019,"Default Known Flow Node","Known Flow",356430.129144,634223.908788,,0.000000,,,,,,,,,,,0.000000,0.000000,,"",,,,,,,,,,
"64303400002295","Nodes","2295",21.000000,26.921870,"Default Known Flow Node","Known Flow",353264.987282,634347.074821,,0.000000,,,,,,,,,,,0.000000,0.000000,,"",,,,,,,,,,
"64303400000051","Nodes","51",21.000000,36.768839,"DDS demands","Known Flow",354264.948990,634247.573054,,0.000000,,,,,,-14.029999,,,,,-12.545876,-14.029999,,"",,,,,,"D1 PROFILE",,,,
"64303400000310","Nodes","310",21.000000,25.113056,"DDS demands","Known Flow",354166.987528,633366.199554,,0.000000,,,,,,-18.450001,,,,,-16.498321,-18.450001,,"",,,,,,"D1 PROFILE",,,,
"64303400002273","Nodes","2273",21.000000,28.167266,"Default Known Flow Node","Known Flow",354368.602691,633524.930653,,0.000000,,,,,,,,,,,0.000000,0.000000,,"",,,,,,,,,,
"64303400002252","Nodes","2252",21.000000,29.172381,"DDS demands","Known Flow",356429.960378,634250.684954,,0.000000,,,,,,-8.939999,,,,,-7.994307,-8.939999,,"",,,,,,"D1 PROFILE",,,,
"64303400002314","Nodes","2314",21.000000,25.113056,"Default Known Flow Node","Known Flow",354155.192525,633376.397557,,0.000000,,,,,,,,,,,0.000000,0.000000,,"",,,,,,,,,,
"64303400002309","Nodes","2309",21.000000,25.113056,"Default Known Flow Node","Known Flow",354173.112529,633409.324566,,0.000000,,,,,,,,,,,0.000000,0.000000,,"",,,,,,,,,,
"64303400002370","Nodes","2370",21.000000,27.133785,"Default Known Flow Node","Known Flow",354336.811586,633311.145796,,0.000000,,,,,,,,,,,0.000000,0.000000,,"",,,,,,,,,,
"64303400002348","Nodes","2348",21.000000,27.133785,"Default Known Flow Node","Known Flow",354346.877577,633306.913538,,0.000000,,,,,,,,,,,0.000000,0.000000,,"",,,,,,,,,,
"64303400002354","Nodes","2354",21.000000,26.992730,"Default Known Flow Node","Known Flow",354403.326592,633580.382613,,0.000000,,,,,,,,,,,0.000000,0.000000,,"",,,,,,,,,,
"64303400002267","Nodes","2267",21.000000,26.448079,"Default Known Flow Node","Known Flow",354210.017540,633311.966539,,0.000000,,,,,,,,,,,0.000000,0.000000,,"",,,,,,,,,,
"64303400002247","Nodes","2247",21.000000,25.068366,"Default Known Flow Node","Known Flow",354116.664514,633364.518554,,0.000000,,,,,,,,,,,0.000000,0.000000,,"",,,,,,,,,,
"64303400002298","Nodes","2298",21.000000,36.111139,"DDS demands","Known Flow",354793.956006,634033.328616,,0.000000,-1.679999,,,,,,,,,,-1.502286,-1.679999,,"","C1 PROFILE",,,,,,,,,
"64303400000286","Nodes","286",21.000000,36.111139,"Default Known Flow Node","Known Flow",354794.682699,634035.191736,,0.000000,,,,,,,,,,,0.000000,0.000000,,"",,,,,,,,,,
"64303400002303","Nodes","2303",21.000000,36.111139,"Default Known Flow Node","Known Flow",354788.664697,634036.165737,,0.000000,,,,,,,,,,,0.000000,0.000000,,"",,,,,,,,,,
"64303400002265","Nodes","2265",21.000000,33.232555,"DDS demands","Known Flow",354761.612690,634361.199825,,0.000000,-3.759999,,,,,-1.350000,,,,,-4.569453,-5.109999,,"","C1 PROFILE",,,,,"D1 PROFILE",,,,
"64303400002305","Nodes","2305",21.000000,27.356790,"Default Known Flow Node","Known Flow",354375.469585,633321.616542,,0.000000,,,,,,,,,,,0.000000,0.000000,,"",,,,,,,,,,
"64303400002307","Nodes","2307",21.000000,25.068366,"Default Known Flow Node","Known Flow",354075.193503,633358.074552,,0.000000,,,,,,,,,,,0.000000,0.000000,,"",,,,,,,,,,
"64303400000249","Nodes","249",21.000000,36.806458,"Default Known Flow Node","Known Flow",354109.362512,634235.449791,,0.000000,,,,,,,,,,,0.000000,0.000000,,"",,,,,,,,,,
"64303400001003","Nodes","1003",21.000000,36.806458,"Default Known Flow Node","Known Flow",354116.767514,634233.822790,,0.000000,,,,,,,,,,,0.000000,0.000000,,"",,,,,,,,,,
"64303400000066","Nodes","66",21.000000,36.861461,"DDS demands","Known Flow",354320.586570,634237.824791,,0.000000,,,,,,-4.219999,,,,,-3.773599,-4.219999,,"",,,,,,"D1 PROFILE",,,,
"64303400002106","Nodes","2106",21.000000,28.225436,"Default Known Flow Node","Known Flow",353197.522493,634251.502966,,0.000000,,,,,,,,,,,0.000000,0.000000,,"",,,,,,,,,,
"64303400002002","Nodes","2002",21.000000,25.214651,"Default Known Flow Node","Known Flow",353268.660283,634184.965777,,0.000000,,,,,,,,,,,0.000000,0.000000,,"",,,,,,,,,,
"64303400002003","Nodes","2003",21.000000,25.193115,"Default Known Flow Node","Known Flow",353258.112363,634159.365066,,0.000000,,,,,,,,,,,0.000000,0.000000,,"",,,,,,,,,,
"64303400002004","Nodes","2004",21.000000,27.111552,"DDS demands","Known Flow",353279.985286,634326.639816,,0.000000,,,,,,-14.970000,,,,,-13.386442,-14.970000,,"",,,,,,"D1 PROFILE",,,,
"64303400002109","Nodes","2109",21.000000,27.199892,"Default Known Flow Node","Known Flow",353294.113084,634320.707137,,0.000000,,,,,,,,,,,0.000000,0.000000,,"",,,,,,,,,,
"64303400002016","Nodes","2016",21.000000,25.172271,"Default Known Flow Node","Known Flow",353286.119491,634151.767040,,0.000000,,,,,,,,,,,0.000000,0.000000,,"",,,,,,,,,,
"64303400002009","Nodes","2009",21.000000,25.637625,"Default Known Flow Node","Known Flow",353317.604297,634221.425787,,0.000000,,,,,,,,,,,0.000000,0.000000,,"",,,,,,,,,,
"64303400002010","Nodes","2010",21.000000,25.836826,"Default Known Flow Node","Known Flow",353401.968320,634228.315789,,0.000000,,,,,,,,,,,0.000000,0.000000,,"",,,,,,,,,,
"64303400002012","Nodes","2012",21.000000,28.187866,"Default Known Flow Node","Known Flow",353211.458268,634326.007815,,0.000000,,,,,,,,,,,0.000000,0.000000,,"",,,,,,,,,,
"64303400002107","Nodes","2107",21.000000,25.899441,"Default Known Flow Node","Known Flow",353490.110018,634142.699645,,0.000000,,,,,,,,,,,0.000000,0.000000,,"",,,,,,,,,,
"64303400002015","Nodes","2015",21.000000,25.420764,"Default Known Flow Node","Known Flow",353287.588289,634212.749785,,0.000000,,,,,,,,,,,0.000000,0.000000,,"",,,,,,,,,,
"64303400002017","Nodes","2017",21.000000,25.172271,"Default Known Flow Node","Known Flow",353250.481278,634153.003768,,0.000000,,,,,,,,,,,0.000000,0.000000,,"",,,,,,,,,,
"64303400002013","Nodes","2013",21.000000,25.652991,"Default Known Flow Node","Known Flow",353435.159601,634140.425789,,0.000000,,,,,,,,,,,0.000000,0.000000,,"",,,,,,,,,,
"64303400002021","Nodes","2021",21.000000,25.886792,"Default Known Flow Node","Known Flow",353334.813301,634378.634830,,0.000000,,,,,,,,,,,0.000000,0.000000,,"",,,,,,,,,,
"64303400002024","Nodes","2024",21.000000,27.520052,"Default Known Flow Node","Known Flow",354025.363489,633974.573720,,0.000000,,,,,,,,,,,0.000000,0.000000,,"",,,,,,,,,,
"64303400002014","Nodes","2014",21.000000,27.387682,"DDS demands","Known Flow",353744.149236,634149.832982,,0.000000,,,,,,-6.679999,,,,,-5.973375,-6.679999,,"",,,,,,"D1 PROFILE",,,,
"64303400002151","Nodes","2151",21.000000,49.984476,"Default Known Flow Node","Known Flow",353840.235448,635023.231161,,0.000000,,,,,,,,,,,0.000000,0.000000,,"",,,,,,,,,,
"64303400002026","Nodes","2026",21.000000,26.973903,"Default Known Flow Node","Known Flow",354312.188567,633246.393522,,0.000000,,,,,,,,,,,0.000000,0.000000,,"",,,,,,,,,,
"64303400002125","Nodes","2125",21.000000,27.005155,"Default Known Flow Node","Known Flow",354317.019586,633260.495324,,0.000000,,,,,,,,,,,0.000000,0.000000,,"",,,,,,,,,,
"64303400002030","Nodes","2030",21.000000,27.007639,"Default Known Flow Node","Known Flow",354316.823347,633261.727490,,0.000000,,,,,,,,,,,0.000000,0.000000,,"",,,,,,,,,,
"64303400002029","Nodes","2029",21.000000,27.012423,"Default Known Flow Node","Known Flow",354316.445568,633264.099526,,0.000000,,,,,,,,,,,0.000000,0.000000,,"",,,,,,,,,,
"64303400002031","Nodes","2031",21.000000,27.007639,"Default Known Flow Node","Known Flow",354318.587569,633262.030526,,0.000000,,,,,,,,,,,0.000000,0.000000,,"",,,,,,,,,,
"64303400002032","Nodes","2032",21.000000,31.418711,"DDS demands","Known Flow",354636.947656,633705.385647,,0.000000,,,,,,-1.019999,,,,,-0.912102,-1.019999,,"",,,,,,"D1 PROFILE",,,,
"64303400002159","Nodes","2159",21.000000,31.432096,"Default Known Flow Node","Known Flow",354638.725878,633705.029461,,0.000000,,,,,,,,,,,0.000000,0.000000,,"",,,,,,,,,,
"64303400002035","Nodes","2035",21.000000,28.145296,"Default Known Flow Node","Known Flow",354447.491604,633673.369638,,0.000000,,,,,,,,,,,0.000000,0.000000,,"",,,,,,,,,,
"64303400002036","Nodes","2036",21.000000,25.487292,"Default Known Flow Node","Known Flow",354188.265534,633314.973540,,0.000000,,,,,,,,,,,0.000000,0.000000,,"",,,,,,,,,,
"64303400002037","Nodes","2037",21.000000,28.300693,"Default Known Flow Node","Known Flow",354363.450581,633528.691598,,0.000000,,,,,,,,,,,0.000000,0.000000,,"",,,,,,,,,,
"64303400002038","Nodes","2038",21.000000,28.174756,"Default Known Flow Node","Known Flow",354405.212593,633470.323583,,0.000000,,,,,,,,,,,0.000000,0.000000,,"",,,,,,,,,,
"64303400002039","Nodes","2039",21.000000,26.756705,"Default Known Flow Node","Known Flow",354381.780586,633590.443615,,0.000000,,,,,,,,,,,0.000000,0.000000,,"",,,,,,,,,,
"64303400002034","Nodes","2034",21.000000,31.965353,"Default Known Flow Node","Known Flow",354650.337659,633675.299638,,0.000000,,,,,,,,,,,0.000000,0.000000,,"",,,,,,,,,,
"64303400002042","Nodes","2042",21.000000,26.922400,"Default Known Flow Node","Known Flow",354302.663565,633268.109528,,0.000000,,,,,,,,,,,0.000000,0.000000,,"",,,,,,,,,,
"64303400002043","Nodes","2043",21.000000,26.972358,"Default Known Flow Node","Known Flow",354309.628567,633263.072526,,0.000000,,,,,,,,,,,0.000000,0.000000,,"",,,,,,,,,,
"64303400002044","Nodes","2044",21.000000,26.972358,"Default Known Flow Node","Known Flow",354298.496564,633250.148523,,0.000000,,,,,,,,,,,0.000000,0.000000,,"",,,,,,,,,,
"64303400002045","Nodes","2045",21.000000,28.162170,"Default Known Flow Node","Known Flow",354364.451582,633521.363596,,0.000000,,,,,,,,,,,0.000000,0.000000,,"",,,,,,,,,,
"64303400002050","Nodes","2050",21.000000,28.162170,"Default Known Flow Node","Known Flow",354363.257489,633519.855211,,0.000000,,,,,,,,,,,0.000000,0.000000,,"",,,,,,,,,,
"64303400002046","Nodes","2046",21.000000,26.738652,"Default Known Flow Node","Known Flow",354359.515580,633606.051620,,0.000000,,,,,,,,,,,0.000000,0.000000,,"",,,,,,,,,,
"64303400002047","Nodes","2047",21.000000,28.164877,"Default Known Flow Node","Known Flow",354363.325581,633517.508595,,0.000000,,,,,,,,,,,0.000000,0.000000,,"",,,,,,,,,,
"64303400002051","Nodes","2051",21.000000,28.164877,"Default Known Flow Node","Known Flow",354364.436098,633519.070495,,0.000000,,,,,,,,,,,0.000000,0.000000,,"",,,,,,,,,,
"64303400002049","Nodes","2049",21.000000,28.114791,"Default Known Flow Node","Known Flow",354327.868572,633517.702595,,0.000000,,,,,,,,,,,0.000000,0.000000,,"",,,,,,,,,,
"64303400002158","Nodes","2158",21.000000,27.881569,"Default Known Flow Node","Known Flow",354393.877647,633558.689705,,0.000000,,,,,,,,,,,0.000000,0.000000,,"",,,,,,,,,,
"64303400002052","Nodes","2052",21.000000,27.608419,"Default Known Flow Node","Known Flow",354070.695502,633982.906722,,0.000000,,,,,,,,,,,0.000000,0.000000,,"",,,,,,,,,,
"64303400002055","Nodes","2055",21.000000,36.721636,"DDS demands","Known Flow",354195.362536,634241.449792,,0.000000,,,,,,-8.830000,,,,,-7.895944,-8.830000,,"",,,,,,"D1 PROFILE",,,,
"64303400002056","Nodes","2056",21.000000,36.717272,"DDS demands","Known Flow",354197.737536,634234.949791,,0.000000,,,,,,-3.010000,,,,,-2.691595,-3.010000,,"",,,,,,"D1 PROFILE",,,,
"64303400002057","Nodes","2057",21.000000,36.712176,"Default Known Flow Node","Known Flow",354266.742301,634252.625774,,0.000000,,,,,,,,,,,0.000000,0.000000,,"",,,,,,,,,,
"64303400002059","Nodes","2059",21.000000,37.780901,"Default Known Flow Node","Known Flow",354403.515592,634190.490779,,0.000000,,,,,,,,,,,0.000000,0.000000,,"",,,,,,,,,,
"64303400002060","Nodes","2060",21.000000,36.809664,"DDS demands","Known Flow",354118.967515,634233.659790,,0.000000,,,,,,-16.520000,,,,,-14.772480,-16.520000,,"",,,,,,"D1 PROFILE",,,,
"64303400002061","Nodes","2061",21.000000,36.809664,"Default Known Flow Node","Known Flow",354122.362516,634245.324793,,0.000000,,,,,,,,,,,0.000000,0.000000,,"",,,,,,,,,,
"64303400002062","Nodes","2062",21.000000,36.744280,"Default Known Flow Node","Known Flow",354248.094839,634248.021571,,0.000000,,,,,,,,,,,0.000000,0.000000,,"",,,,,,,,,,
"64303400002063","Nodes","2063",21.000000,37.185893,"Default Known Flow Node","Known Flow",354420.194256,634199.390723,,0.000000,,,,,,,,,,,0.000000,0.000000,,"",,,,,,,,,,
"64303400002064","Nodes","2064",21.000000,36.387156,"DDS demands","Known Flow",354552.482633,634252.845796,,0.000000,,,,,,-2.190000,,,,,-1.958337,-2.190000,,"",,,,,,"D1 PROFILE",,,,
"64303400002065","Nodes","2065",21.000000,36.387156,"Default Known Flow Node","Known Flow",354618.937651,634269.812800,,0.000000,,,,,,,,,,,0.000000,0.000000,,"",,,,,,,,,,
"64303400002067","Nodes","2067",21.000000,36.744280,"Default Known Flow Node","Known Flow",354250.448551,634248.029794,,0.000000,,,,,,,,,,,0.000000,0.000000,,"",,,,,,,,,,
"64303400002069","Nodes","2069",21.000000,37.185063,"Default Known Flow Node","Known Flow",354421.918597,634198.558781,,0.000000,,,,,,,,,,,0.000000,0.000000,,"",,,,,,,,,,
"64303400002068","Nodes","2068",21.000000,36.685451,"Default Known Flow Node","Known Flow",354265.774551,634251.472033,,0.000000,,,,,,,,,,,0.000000,0.000000,,"",,,,,,,,,,
"64303400002070","Nodes","2070",21.000000,36.387156,"Default Known Flow Node","Known Flow",354651.328660,634286.440805,,0.000000,,,,,,,,,,,0.000000,0.000000,,"",,,,,,,,,,
"64303400002071","Nodes","2071",21.000000,36.776873,"Default Known Flow Node","Known Flow",354318.021948,634223.857537,,0.000000,,,,,,,,,,,0.000000,0.000000,,"",,,,,,,,,,
"64303400002074","Nodes","2074",21.000000,37.186312,"DDS demands","Known Flow",354418.629596,634197.707781,,0.000000,,,,,,-1.019999,,,,,-0.912102,-1.019999,,"",,,,,,"D1 PROFILE",,,,
"64303400002076","Nodes","2076",21.000000,33.862808,"Default Known Flow Node","Known Flow",354708.592675,634295.707807,,0.000000,,,,,,,,,,,0.000000,0.000000,,"",,,,,,,,,,
"64303400002085","Nodes","2085",21.000000,33.862808,"Default Known Flow Node","Known Flow",354703.240102,634297.184487,,0.000000,,,,,,,,,,,0.000000,0.000000,,"",,,,,,,,,,
"64303400002078","Nodes","2078",21.000000,36.783888,"Default Known Flow Node","Known Flow",354318.259818,634224.900731,,0.000000,,,,,,,,,,,0.000000,0.000000,,"",,,,,,,,,,
"64303400002208","Nodes","2208",21.000000,49.518502,"Default Known Flow Node","Known Flow",354552.362633,635176.950047,,0.000000,,,,,,,,,,,0.000000,0.000000,,"",,,,,,,,,,
"64303400002080","Nodes","2080",21.000000,34.903617,"Default Known Flow Node","Known Flow",354793.714698,634117.406759,,0.000000,,,,,,,,,,,0.000000,0.000000,,"",,,,,,,,,,
"64303400002084","Nodes","2084",21.000000,33.937436,"Default Known Flow Node","Known Flow",354774.860693,634275.825802,,0.000000,,,,,,,,,,,0.000000,0.000000,,"",,,,,,,,,,
"64303400002083","Nodes","2083",21.000000,33.865601,"DDS demands","Known Flow",354961.344744,634207.853783,,0.000000,,,,,,-2.380000,,,,,-2.128238,-2.380000,,"",,,,,,"D1 PROFILE",,,,
"64303400002202","Nodes","2202",21.000000,33.076205,"Default Known Flow Node","Known Flow",354567.354620,634317.712110,,0.000000,,,,,,,,,,,0.000000,0.000000,,"",,,,,,,,,,
"64303400002087","Nodes","2087",21.000000,42.903750,"Default Known Flow Node","Known Flow",354912.265731,633907.234701,,0.000000,,,,,,,,,,,0.000000,0.000000,,"",,,,,,,,,,
"64303400002089","Nodes","2089",21.000000,42.725122,"Default Known Flow Node","Known Flow",354901.204728,633907.019701,,0.000000,,,,,,,,,,,0.000000,0.000000,,"",,,,,,,,,,
"64303400002092","Nodes","2092",21.000000,42.903750,"Default Known Flow Node","Known Flow",354904.213728,633906.344701,,0.000000,,,,,,,,,,,0.000000,0.000000,,"",,,,,,,,,,
"64303400002198","Nodes","2198",21.000000,34.762465,"Default Known Flow Node","Known Flow",354726.609595,633835.459177,,0.000000,,,,,,,,,,,0.000000,0.000000,,"",,,,,,,,,,
"64303400002091","Nodes","2091",21.000000,34.799689,"Default Known Flow Node","Known Flow",354729.327681,633835.449682,,0.000000,,,,,,,,,,,0.000000,0.000000,,"",,,,,,,,,,
"64303400002185","Nodes","2185",21.000000,37.833865,"Default Known Flow Node","Known Flow",354784.727148,633924.449001,,0.000000,,,,,,,,,,,0.000000,0.000000,,"",,,,,,,,,,
"64303400002090","Nodes","2090",21.000000,42.723721,"Default Known Flow Node","Known Flow",354903.107131,633907.230227,,0.000000,,,,,,,,,,,0.000000,0.000000,,"",,,,,,,,,,
"64303400002088","Nodes","2088",21.000000,42.903750,"Default Known Flow Node","Known Flow",354900.447727,633904.923701,,0.000000,,,,,,,,,,,0.000000,0.000000,,"",,,,,,,,,,
"64303400002096","Nodes","2096",21.000000,29.008866,"Default Known Flow Node","Known Flow",356448.399843,634220.957856,,0.000000,,,,,,,,,,,0.000000,0.000000,,"",,,,,,,,,,
"64303400002097","Nodes","2097",21.000000,29.273537,"Default Known Flow Node","Known Flow",356444.015147,634291.811806,,0.000000,,,,,,,,,,,0.000000,0.000000,,"",,,,,,,,,,
"64303400002005","Nodes","2005",21.000000,27.023235,"Default Known Flow Node","Known Flow",353339.616303,634287.609805,,0.000000,,,,,,,,,,,0.000000,0.000000,,"",,,,,,,,,,
"64303400002007","Nodes","2007",21.000000,25.237431,"Default Known Flow Node","Known Flow",353203.552266,634147.115767,,0.000000,,,,,,,,,,,0.000000,0.000000,,"",,,,,,,,,,
"64303400002152","Nodes","2152",21.000000,27.085890,"Default Known Flow Node","Known Flow",354426.046896,633589.530620,,0.000000,,,,,,,,,,,0.000000,0.000000,,"",,,,,,,,,,
"64303400002155","Nodes","2155",21.000000,27.063244,"Default Known Flow Node","Known Flow",354430.183171,633592.766215,,0.000000,,,,,,,,,,,0.000000,0.000000,,"",,,,,,,,,,
"64303400002040","Nodes","2040",21.000000,26.992730,"Default Known Flow Node","Known Flow",354404.998593,633581.705613,,0.000000,,,,,,,,,,,0.000000,0.000000,,"",,,,,,,,,,
"64303400002167","Nodes","2167",21.000000,27.774212,"Default Known Flow Node","Known Flow",354396.610674,633563.073650,,0.000000,,,,,,,,,,,0.000000,0.000000,,"",,,,,,,,,,
"64303400002161","Nodes","2161",21.000000,27.384623,"Default Known Flow Node","Known Flow",354412.161554,633578.668834,,0.000000,,,,,,,,,,,0.000000,0.000000,,"",,,,,,,,,,
"64303400002168","Nodes","2168",21.000000,27.396701,"Default Known Flow Node","Known Flow",354409.956373,633576.943834,,0.000000,,,,,,,,,,,0.000000,0.000000,,"",,,,,,,,,,
"64303400002200","Nodes","2200",21.000000,34.786423,"Default Known Flow Node","Known Flow",354728.359137,633835.453065,,0.000000,,,,,,,,,,,0.000000,0.000000,,"",,,,,,,,,,
"64303400002086","Nodes","2086",21.000000,35.298479,"DDS demands","Known Flow",354728.604681,633863.855690,,0.000000,-6.780000,,,-1.570000,,,,,,,-7.466719,-8.350000,,"","C1 PROFILE",,,"C4 PROFILE",,,,,,
"64303400002077","Nodes","2077",21.000000,32.506862,"DDS demands","Known Flow",354532.332627,634398.534835,,0.000000,,,,,,-9.450000,,,,,-8.450359,-9.450000,,"",,,,,,"D1 PROFILE",,,,
"64303400002301","Nodes","2301",21.000000,36.756218,"Default Known Flow Node","Known Flow",354317.987701,634226.418016,,0.000000,,,,,,,,,,,0.000000,0.000000,,"",,,,,,,,,,
"64303400002221","Nodes","2221",21.000000,36.736870,"Default Known Flow Node","Known Flow",354248.328550,634247.747794,,0.000000,,,,,,,,,,,0.000000,0.000000,,"",,,,,,,,,,
"64303400000239","Nodes","239",21.000000,25.172339,"DDS demands","Known Flow",353283.860104,634152.200376,,0.000000,,,,,,-2.679999,,,,,-2.396503,-2.679999,,"",,,,,,"D1 PROFILE",,,,
"64303400000035","Nodes","35",21.000000,25.852401,"DDS demands","Known Flow",353404.329320,634229.104789,,0.000000,,,,,,-19.019999,,,,,-17.008024,-19.019999,,"",,,,,,"D1 PROFILE",,,,
"64303400000036","Nodes","36",21.000000,25.663353,"DDS demands","Known Flow",353349.510899,634230.306281,,0.000000,,,,,,-7.269999,,,,,-6.500963,-7.269999,,"",,,,,,"D1 PROFILE",,,,
"64303400000104","Nodes","104",21.000000,30.836695,"DDS demands","Known Flow",353314.734999,634504.824864,,0.000000,,,,,,-12.050000,,,,,-10.775325,-12.050000,,"",,,,,,"D1 PROFILE",,,,
"64303400001000","Nodes","P00056264, Dingleton Hospital, 177.69",25.000000,25.035781,"CSEP DDS Matched","Known Flow",354270.914556,633270.666528,,0.000000,,,,,-50.280000,,-72.370002,,,,-109.675828,-122.650002,,"",,,,,"CT PROFILE",,"DC PROFILE",,,
"64303400000076","Nodes","P00053105, Chiefswood Road, 11.35",22.999998,26.654888,"CSEP DDS Matched","Known Flow",354290.978690,633277.987682,,0.000000,,,,,,-16.350000,-4.739999,,,,-18.859055,-21.090000,,"",,,,,,"D1 PROFILE","DC PROFILE",,,
"64303400000038","Nodes","38",21.000000,28.378802,"DDS demands","Known Flow",353862.617396,634174.974714,,0.000000,,,,,,-22.559999,,,,,-20.173555,-22.559999,,"",,,,,,"D1 PROFILE",,,,
"64303400000043","Nodes","43",21.000000,27.520104,"DDS demands","Known Flow",354092.736790,634014.451007,,0.000000,,,,,,-8.310000,,,,,-7.430950,-8.310000,,"",,,,,,"D1 PROFILE",,,,
"64303400000053","Nodes","53",21.000000,36.826427,"DDS demands","Known Flow",354319.992579,634235.207215,,0.000000,,,,,,-13.250000,,,,,-11.848387,-13.250000,,"",,,,,,"D1 PROFILE",,,,
"64303400000065","Nodes","65",21.000000,36.776031,"Default Known Flow Node","Known Flow",354267.195403,634247.285852,,0.000000,,,,,,,,,,,0.000000,0.000000,,"",,,,,,,,,,
"64303400000111","Nodes","111",21.000000,25.777165,"DDS demands","Known Flow",353354.020307,634381.306830,,0.000000,,,,,,-2.900000,,,,,-2.593232,-2.900000,,"",,,,,,"D1 PROFILE",,,,
"64303400000231","Nodes","P00061694, Trimontium Heights, 32.31",22.999998,27.135281,"CSEP DDS Matched","Known Flow",354255.212728,633181.025728,,0.000000,,,,,,,-19.929999,,,,-17.821762,-19.929999,,"",,,,,,,"DC PROFILE",,,
"64303400000078","Nodes","78",21.000000,26.925264,"DDS demands","Known Flow",354256.813552,633178.776503,,0.000000,,,,,,-4.869999,,,,,-4.354840,-4.869999,,"",,,,,,"D1 PROFILE",,,,
"64303400000052","Nodes","52",21.000000,34.753473,"DDS demands","Known Flow",354246.160549,634382.928831,,0.000000,,,,,,-9.520000,,,,,-8.512955,-9.520000,,"",,,,,,"D1 PROFILE",,,,
"64303400000062","Nodes","62",21.000000,33.933682,"Default Known Flow Node","Known Flow",354777.489741,634277.525793,,0.000000,,,,,,,,,,,0.000000,0.000000,,"",,,,,,,,,,
"64303400000064","Nodes","64",21.000000,33.380114,"DDS demands","Known Flow",354631.087638,634315.888440,,0.000000,,,,,,-1.850000,,,,,-1.654303,-1.850000,,"",,,,,,"D1 PROFILE",,,,
"64303400000011","Nodes","11",21.000000,42.903750,"Default Known Flow Node","Known Flow",354904.323729,633905.351699,,0.000000,,,,,,,,,,,0.000000,0.000000,,"",,,,,,,,,,
"64303400000073","Nodes","73",21.000000,27.508864,"DDS demands","Known Flow",354434.427696,633671.949623,,0.000000,,,,,,-19.520000,,,,,-17.455132,-19.520000,,"",,,,,,"D1 PROFILE",,,,
"64303400000072","Nodes","72",21.000000,31.678279,"DDS demands","Known Flow",354635.081633,633675.361996,,0.000000,,,,,,-11.109999,,,,,-9.934760,-11.109999,,"",,,,,,"D1 PROFILE",,,,
"64303400000222","Nodes","222",21.000000,27.466987,"DDS demands","Known Flow",354406.487593,633574.199611,,0.000000,,,,,,-8.979999,,,,,-8.030076,-8.979999,,"",,,,,,"D1 PROFILE",,,,
"64303400001002","Nodes","HIGH ROAD DG, Clocked, Site ID 6323",21.000000,42.999972,"Default Known Pressure Node","Known Pressure",354906.301729,633906.575701,,0.000000,,,,,,,,,,,612.476235,684.929505,,"",,,,,,,,,,
"64303400000291","Nodes","291",21.000000,36.511122,"Default Known Flow Node","Known Flow",354533.987628,634228.949789,,0.000000,,,,,,,,,,,0.000000,0.000000,,"",,,,,,,,,,
"64303400000253","Nodes","253",21.000000,36.899508,"DDS demands","Known Flow",354759.737689,633922.824706,,0.000000,-1.059999,,,,,-4.389999,,,,,-4.873487,-5.449999,,"","C1 PROFILE",,,,,"D1 PROFILE",,,,
"64303400000225","Nodes","225",21.000000,35.430459,"Default Known Flow Node","Known Flow",354744.239987,633856.948662,,0.000000,,,,,,,,,,,0.000000,0.000000,,"",,,,,,,,,,
"64303400000211","Nodes","211",21.000000,35.027209,"DDS demands","Known Flow",354747.859999,634100.574754,,0.000000,,,-1.549999,-0.639999,,-7.309999,,,,,-8.495069,-9.500000,,"",,,"C3  PROFILE","C4 PROFILE",,"D1 PROFILE",,,,
"64303400000287","Nodes","287",21.000000,36.289475,"DDS demands","Known Flow",354781.122075,633962.198732,,0.000000,,,,-3.980000,,,,,,,-3.558987,-3.980000,,"",,,,"C4 PROFILE",,,,,,
"64303400000081","Nodes","81",21.000000,42.635266,"DDS demands","Known Flow",355213.092162,634042.999047,,0.000000,,,,,,-3.800000,,,,,-3.398028,-3.800000,,"",,,,,,"D1 PROFILE",,,,
"64303400000100","Nodes","100",21.000000,42.287570,"Default Known Flow Node","Known Flow",355221.545209,634088.893166,,0.000000,,,,,,,,,,,0.000000,0.000000,,"",,,,,,,,,,
"64303400002001","Nodes","2001",21.000000,31.864341,"Default Known Flow Node","Known Flow",356263.557210,634245.283667,,0.000000,,,,,,,,,,,0.000000,0.000000,,"",,,,,,,,,,
"64303400000095","Nodes","95",21.000000,36.387156,"Default Known Flow Node","Known Flow",354565.371597,634274.453108,,0.000000,,,,,,,,,,,0.000000,0.000000,,"",,,,,,,,,,
"64303400000294","Nodes","294",21.000000,36.242018,"Default Known Flow Node","Known Flow",354561.214503,634252.967893,,0.000000,,,,,,,,,,,0.000000,0.000000,,"",,,,,,,,,,
"64303400000055","Nodes","55",21.000000,37.196742,"DDS demands","Known Flow",354407.065593,634204.511782,,0.000000,-6.000000,,,,,,,,,,-5.365307,-6.000000,,"","C1 PROFILE",,,,,,,,,
"64303400000094","Nodes","94",21.000000,36.387156,"Default Known Flow Node","Known Flow",354662.159663,634286.752805,,0.000000,,,,,,,,,,,0.000000,0.000000,,"",,,,,,,,,,
"64303400000250","Nodes","250",21.000000,37.181640,"Default Known Flow Node","Known Flow",354403.694078,634206.059453,,0.000000,,,,,,,,,,,0.000000,0.000000,,"",,,,,,,,,,
"64303400000060","Nodes","60",21.000000,34.129895,"DDS demands","Known Flow",354782.886695,634230.101789,,0.000000,,,,,,-1.840000,,,,,-1.645360,-1.840000,,"",,,,,,"D1 PROFILE",,,,
"64303400000061","Nodes","61",21.000000,33.855273,"DDS demands","Known Flow",354896.456726,634229.853789,,0.000000,,,,,,-4.819999,,,,,-4.310130,-4.819999,,"",,,,,,"D1 PROFILE",,,,
"64303400001001","Nodes","1001",21.000000,37.159148,"Default Known Flow Node","Known Flow",354398.673531,634208.364100,,0.000000,,,,,,,,,,,0.000000,0.000000,,"",,,,,,,,,,
"64303400000254","Nodes","254",21.000000,37.164585,"Default Known Flow Node","Known Flow",354399.886693,634207.807206,,0.000000,,,,,,,,,,,0.000000,0.000000,,"",,,,,,,,,,
"64303400003000","Nodes","Logger,xxxx, o/s 48 Fairways on Chiefswood Road",21.000000,25.465781,"Val Log Post","Known Flow",354180.100879,633321.675756,,0.000000,,,,,,,,,,,0.000000,0.000000,,"",,,,,,,,,,
"64303410000068","Nodes","68",21.000000,34.803565,"Default Known Flow Node","Known Flow",354732.288682,633834.449682,,0.000000,,,,,,,,,,,0.000000,0.000000,,"",,,,,,,,,,
"64303410000038","Nodes","10000038",21.000000,27.609555,"DDS demands","Known Flow",353816.656111,634041.383775,,0.000000,,,-3.530000,,,-2.970000,,,,,-5.812416,-6.500000,,"",,,"C3  PROFILE",,,"D1 PROFILE",,,,
"64303410002233","Nodes","10002233",21.000000,27.608367,"Default Known Flow Node","Known Flow",354030.487491,633989.824724,,0.000000,,,,,,,,,,,0.000000,0.000000,,"",,,,,,,,,,
"64303410002319","Nodes","10002319",21.000000,31.759825,"Default Known Flow Node","Known Flow",353166.362256,634437.824846,,0.000000,,,,,,,,,,,0.000000,0.000000,,"",,,,,,,,,,
"64303400004013","Nodes","4013",21.000000,25.262672,"Default Known Flow Node","Known Flow",353263.363282,634188.949778,,0.000000,,,,,,,,,,,0.000000,0.000000,,"",,,,,,,,,,
"64303400004020","Nodes","4020",21.000000,25.632223,"Default Known Flow Node","Known Flow",353435.240329,634139.517765,,0.000000,,,,,,,,,,,0.000000,0.000000,,"",,,,,,,,,,
"64303400004021","Nodes","4021",21.000000,28.227375,"Default Known Flow Node","Known Flow",353196.362264,634252.324795,,0.000000,,,,,,,,,,,0.000000,0.000000,,"",,,,,,,,,,
"64303400004025","Nodes","4025",21.000000,25.649537,"Default Known Flow Node","Known Flow",353332.345301,634225.647788,,0.000000,,,,,,,,,,,0.000000,0.000000,,"",,,,,,,,,,
"64303400004027","Nodes","4027",21.000000,25.568029,"Default Known Flow Node","Known Flow",353307.974294,634218.628786,,0.000000,,,,,,,,,,,0.000000,0.000000,,"",,,,,,,,,,
"64303400004038","Nodes","Waverley Castle NON DOM",21.000000,49.999994,"Default Known Pressure Node","Known Pressure",353406.752321,634572.711883,,0.000000,,,,,,,,,,,0.894217,0.999999,,"",,,,,,,,,,
"64303400004039","Nodes","4039, Dummy",21.000000,50.084697,"Default Known Flow Node","Known Flow",353332.187301,634605.608892,,0.000000,,,,,,-0.999999,,,,,-0.894217,-0.999999,,"",,,,,,"D1 PROFILE",,,,
"64303400004047","Nodes","4047",21.000000,50.169614,"Default Known Flow Node","Known Flow",353329.155300,634641.049901,,0.000000,,,,,,,,,,,0.000000,0.000000,,"",,,,,,,,,,
"64303400004055","Nodes","4055",21.000000,50.339517,"Default Known Flow Node","Known Flow",353323.737298,634642.074901,,0.000000,,,,,,,,,,,0.000000,0.000000,,"",,,,,,,,,,
"64303400004092","Nodes","4092",21.000000,24.537766,"DDS demands","Known Flow",353815.955283,633811.562009,,0.000000,,,,,,-8.260000,,,,,-7.386240,-8.260000,,"",,,,,,"D1 PROFILE",,,,
"64303400004024","Nodes","4024",21.000000,27.675118,"Default Known Flow Node","Known Flow",353789.612425,634159.199770,,0.000000,,,,,,,,,,,0.000000,0.000000,,"",,,,,,,,,,
"64303400004081","Nodes","4081",21.000000,24.537766,"Default Known Flow Node","Known Flow",353814.968520,633811.320445,,0.000000,,,,,,,,,,,0.000000,0.000000,,"",,,,,,,,,,
"64303400004111","Nodes","4111",21.000000,26.619991,"DDS demands","Known Flow",354341.023575,633603.859619,,0.000000,,,,,,-7.510000,,,,,-6.715576,-7.510000,,"",,,,,,"D1 PROFILE",,,,
"64303400004176","Nodes","4176",21.000000,36.042246,"Default Known Flow Node","Known Flow",354563.769636,634128.979762,,0.000000,,,,,,,,,,,0.000000,0.000000,,"",,,,,,,,,,
"64303400004177","Nodes","4177",21.000000,36.042246,"Default Known Flow Node","Known Flow",354564.589636,634128.561762,,0.000000,,,,,,,,,,,0.000000,0.000000,,"",,,,,,,,,,
"64303400004181","Nodes","4181",21.000000,37.173712,"Default Known Flow Node","Known Flow",354421.731597,634197.202780,,0.000000,,,,,,,,,,,0.000000,0.000000,,"",,,,,,,,,,
"64303400004211","Nodes","4211",21.000000,37.001656,"Default Known Flow Node","Known Flow",354505.303620,634156.350769,,0.000000,,,,,,,,,,,0.000000,0.000000,,"",,,,,,,,,,
"64303400004207","Nodes","4207",21.000000,37.012074,"Default Known Flow Node","Known Flow",354507.900621,634156.435769,,0.000000,,,,,,,,,,,0.000000,0.000000,,"",,,,,,,,,,
"64303400004262","Nodes","4262",21.000000,37.016968,"Default Known Flow Node","Known Flow",354503.402619,634158.754770,,0.000000,,,,,,,,,,,0.000000,0.000000,,"",,,,,,,,,,
"64303400004238","Nodes","4238",21.000000,36.042246,"Default Known Flow Node","Known Flow",354555.229633,634113.436758,,0.000000,,,,,,,,,,,0.000000,0.000000,,"",,,,,,,,,,
"64303400004261","Nodes","4261",21.000000,36.942280,"Default Known Flow Node","Known Flow",354547.936241,634138.596310,,0.000000,,,,,,,,,,,0.000000,0.000000,,"",,,,,,,,,,
"64303400004245","Nodes","4245",21.000000,36.387156,"Default Known Flow Node","Known Flow",354566.472246,634274.563461,,0.000000,,,,,,,,,,,0.000000,0.000000,,"",,,,,,,,,,
"64303400004246","Nodes","4246",21.000000,36.387156,"Default Known Flow Node","Known Flow",354576.777639,634283.265804,,0.000000,,,,,,,,,,,0.000000,0.000000,,"",,,,,,,,,,
"64303400004243","Nodes","4243",21.000000,36.942280,"Default Known Flow Node","Known Flow",354558.595634,634131.583763,,0.000000,,,,,,,,,,,0.000000,0.000000,,"",,,,,,,,,,
"64303400004260","Nodes","4260",21.000000,36.934152,"Default Known Flow Node","Known Flow",354543.738630,634143.357766,,0.000000,,,,,,,,,,,0.000000,0.000000,,"",,,,,,,,,,
"64303400004268","Nodes","4268",21.000000,34.228930,"Default Known Flow Node","Known Flow",354201.773537,634372.295828,,0.000000,,,,,,,,,,,0.000000,0.000000,,"",,,,,,,,,,
"64303400004269","Nodes","4269",21.000000,34.068917,"DDS demands","Known Flow",354181.117532,634396.629835,,0.000000,,,,,,-6.719999,,,,,-6.009144,-6.719999,,"",,,,,,"D1 PROFILE",,,,
"64303400004271","Nodes","4271",21.000000,34.236021,"Default Known Flow Node","Known Flow",354203.279538,634371.174828,,0.000000,,,,,,,,,,,0.000000,0.000000,,"",,,,,,,,,,
"64303400004274","Nodes","4274",21.000000,34.787155,"Default Known Flow Node","Known Flow",354247.456505,634376.062822,,0.000000,,,,,,,,,,,0.000000,0.000000,,"",,,,,,,,,,
"64303400004275","Nodes","4275",21.000000,34.720353,"Default Known Flow Node","Known Flow",354242.417548,634375.157829,,0.000000,,,,,,,,,,,0.000000,0.000000,,"",,,,,,,,,,
"64303400004276","Nodes","4276",21.000000,34.117885,"Default Known Flow Node","Known Flow",354183.901532,634367.876827,,0.000000,,,,,,,,,,,0.000000,0.000000,,"",,,,,,,,,,
"64303400004375","Nodes","4375",21.000000,29.052183,"Default Known Flow Node","Known Flow",356399.684135,634244.471793,,0.000000,,,,,,,,,,,0.000000,0.000000,,"",,,,,,,,,,
"64303400004376","Nodes","4376",21.000000,29.052183,"Default Known Flow Node","Known Flow",356416.069140,634246.841794,,0.000000,,,,,,,,,,,0.000000,0.000000,,"",,,,,,,,,,
"64303400004378","Nodes","4378",21.000000,28.714599,"Default Known Flow Node","Known Flow",356458.654151,634309.667811,,0.000000,,,,,,,,,,,0.000000,0.000000,,"",,,,,,,,,,
"64303400004379","Nodes","4379",21.000000,28.941150,"Default Known Flow Node","Known Flow",356498.128162,634293.775807,,0.000000,,,,,,,,,,,0.000000,0.000000,,"",,,,,,,,,,
"64303400004381","Nodes","4381",21.000000,29.184486,"Default Known Flow Node","Known Flow",356430.112144,634247.914794,,0.000000,,,,,,,,,,,0.000000,0.000000,,"",,,,,,,,,,
"64303400004382","Nodes","4382",21.000000,29.052183,"Default Known Flow Node","Known Flow",356423.035142,634247.321794,,0.000000,,,,,,,,,,,0.000000,0.000000,,"",,,,,,,,,,
"64303400004385","Nodes","4385",21.000000,29.040077,"Default Known Flow Node","Known Flow",356423.624142,634274.796801,,0.000000,,,,,,,,,,,0.000000,0.000000,,"",,,,,,,,,,
"64303400004458","Nodes","4458",21.000000,31.663180,"Default Known Flow Node","Known Flow",354635.415870,633677.381111,,0.000000,,,,,,,,,,,0.000000,0.000000,,"",,,,,,,,,,
"64303400004457","Nodes","4457",21.000000,31.663180,"Default Known Flow Node","Known Flow",354634.469733,633675.239616,,0.000000,,,,,,,,,,,0.000000,0.000000,,"",,,,,,,,,,
"64303400004442","Nodes","4442",21.000000,36.042246,"Default Known Flow Node","Known Flow",354564.266240,634128.726615,,0.000000,,,,,,,,,,,0.000000,0.000000,,"",,,,,,,,,,
"64303400004449","Nodes","4449",21.000000,37.011486,"Default Known Flow Node","Known Flow",354509.754263,634155.742681,,0.000000,,,,,,,,,,,0.000000,0.000000,,"",,,,,,,,,,
"64303400004444","Nodes","4444",21.000000,36.942280,"Default Known Flow Node","Known Flow",354563.273969,634129.226611,,0.000000,,,,,,,,,,,0.000000,0.000000,,"",,,,,,,,,,
"64303400004456","Nodes","4456",21.000000,36.740495,"Default Known Flow Node","Known Flow",354318.500527,634225.947925,,0.000000,,,,,,,,,,,0.000000,0.000000,,"",,,,,,,,,,
"64303400004455","Nodes","4455",21.000000,36.799612,"Default Known Flow Node","Known Flow",354317.440992,634224.021023,,0.000000,,,,,,,,,,,0.000000,0.000000,,"",,,,,,,,,,
"64303400004440","Nodes","4440",21.000000,36.736870,"Default Known Flow Node","Known Flow",354249.285055,634247.749731,,0.000000,,,,,,,,,,,0.000000,0.000000,,"",,,,,,,,,,
"64303400004446","Nodes","4446",21.000000,36.950093,"Default Known Flow Node","Known Flow",354543.654335,634140.595094,,0.000000,,,,,,,,,,,0.000000,0.000000,,"",,,,,,,,,,
"64303400000037","Nodes","37",21.000000,25.649995,"DDS demands","Known Flow",353442.987331,634140.949765,,0.000000,,,,,,-0.930000,,,,,-0.831622,-0.930000,,"",,,,,,"D1 PROFILE",,,,
"64303400000317","Nodes","317",21.000000,36.047169,"DDS demands","Known Flow",354565.689636,634130.721762,,0.000000,,,,,,-1.129999,,,,,-1.010466,-1.129999,,"",,,,,,"D1 PROFILE",,,,
"64303400000056","Nodes","56",21.000000,35.991480,"DDS demands","Known Flow",354604.493944,634106.203557,,0.000000,-15.449999,,,,,-6.489999,,,,,-19.619139,-21.940000,,"","C1 PROFILE",,,,,"D1 PROFILE",,,,
"64303400000278","Nodes","278",21.000000,24.654181,"DDS demands","Known Flow",353349.025305,633636.630628,,0.000000,,,,,,-3.119999,,,,,-2.789959,-3.119999,,"",,,,,,"D1 PROFILE",,,,
"64303400000097","Nodes","97",21.000000,28.990538,"DDS demands","Known Flow",356505.662116,634292.440620,,0.000000,,,,,,-6.300000,,,,,-5.633573,-6.300000,,"",,,,,,"D1 PROFILE",,,,
"64303400000098","Nodes","98",21.000000,27.337068,"DDS demands","Known Flow",356445.201148,634337.988819,,0.000000,,,,,,-10.020000,,,,,-8.960063,-10.020000,,"",,,,,,"D1 PROFILE",,,,
"64303400004459","Nodes","4459",21.000000,37.740138,"Default Known Flow Node","Known Flow",354392.739483,634179.098670,,0.000000,,,,,,,,,,,0.000000,0.000000,,"",,,,,,,,,,
"64303400005000","Nodes","Logger xxxx, o/s  Meter Kiosk for  Huntlyburn House",21.000000,24.973564,"Val Log Post","Known Flow",353160.177723,633618.144119,,0.000000,,,,,,,,,,,0.000000,0.000000,,"",,,,,,,,,,
"64303400005001","Nodes","Logger xxxx, 12 Rushbank, Newstead",21.000000,28.840371,"Val Log Cath","Known Flow",356480.336230,634300.471875,,0.000000,,,,,,,,,,,0.000000,0.000000,,"",,,,,,,,,,
"64303400000007","Nodes","7",21.000000,27.141314,"Default Known Flow Node","Known Flow",354273.107319,633167.553812,,0.000000,,,,,,,,,,,0.000000,0.000000,,"",,,,,,,,,,
"643034-0000021","Nodes","MAXIMO, 475406",21.000000,26.622741,"Point Loads","Known Flow",354346.416512,633605.371128,,0.000000,,,,,,,,,,-33.229999,-29.714860,-33.229999,,"",,,,,,,,,,"PL-AF PROFILE"
