"NAME","TYPE","NodeDescription","NodeMinimumPressure","NodePressure","NodeSymbolName","NodeStatus","NodeXCoordinate","NodeYCoordinate","NodeFlowByCategory(Base Thermal)","NodeFlowByCategory(Base Volumetric)","NodeFlowByCategory(C1)","NodeFlowByCategory(C2)","NodeFlowByCategory(C4)","NodeFlowByCategory(CT)","NodeFlowByCategory(D1)","NodeFlowByCategory(DC)","NodeFlowByCategory(I2)","NodeThermalFlow","NodeResultFlow","NodeFlowProfileNameByCategory(Base Thermal)","NodeFlowProfileNameByCategory(Base Volumetric)","NodeFlowProfileNameByCategory(C1)","NodeFlowProfileNameByCategory(C2)","NodeFlowProfileNameByCategory(C4)","NodeFlowProfileNameByCategory(CT)","NodeFlowProfileNameByCategory(D1)","NodeFlowProfileNameByCategory(DC)","NodeFlowProfileNameByCategory(I2)"
"64403500001001","Nodes","1001",21.000000,43.845505,"DDS demands","Known Flow",278428.715130,658081.383784,,0.000000,,,,,-12.300000,,,-10.998880,-12.300000,,"",,,,,"D1 PROFILE",,
"64403500000212","Nodes","212",21.000000,46.644378,"DDS demands","Known Flow",278375.092866,658070.471702,,0.000000,,,,,-5.810000,,,-5.195405,-5.810000,,"",,,,,"D1 PROFILE",,
"64403500000240","Nodes","240",21.000000,39.545804,"DDS demands","Known Flow",278466.265502,658078.914010,,0.000000,,,,,-3.089999,,,-2.763133,-3.089999,,"",,,,,"D1 PROFILE",,
"64403500000200","Nodes","200",21.000000,31.934693,"DDS demands","Known Flow",281256.258688,658284.682335,,0.000000,,,,,-8.749999,,,-7.824406,-8.749999,,"",,,,,"D1 PROFILE",,
"64403500010177","Nodes","10177",21.000000,34.501152,"Default Known Flow Node","Known Flow",279662.300254,658080.276279,,0.000000,,,,,,,,0.000000,0.000000,,"",,,,,,,
"64403500001003","Nodes","1003",21.000000,34.395782,"Default Known Flow Node","Known Flow",279675.429045,658075.353293,,0.000000,,,,,,,,0.000000,0.000000,,"",,,,,,,
"64403500010341","Nodes","10341",21.000000,34.336326,"Default Known Flow Node","Known Flow",279699.289264,658066.406275,,0.000000,,,,,,,,0.000000,0.000000,,"",,,,,,,
"64403500000043","Nodes","43",21.000000,38.376591,"DDS demands","Known Flow",279984.890342,659013.448533,,0.000000,,,,,-12.839999,,,-11.481757,-12.839999,,"",,,,,"D1 PROFILE",,
"64403500000050","Nodes",,0.000000,30.887338,"DDS demands","Known Flow",279740.496682,657975.304258,,0.000000,,,,,-9.239999,,,-8.262573,-9.239999,,"",,,,,"D1 PROFILE",,
"64403500010278","Nodes","10278",21.000000,31.103523,"DDS demands","Known Flow",279676.424292,657990.652053,,0.000000,,,,,-5.070000,,,-4.533684,-5.070000,,"",,,,,"D1 PROFILE",,
"64403500000175","Nodes","175",21.000000,32.995647,"DDS demands","Known Flow",279836.033563,657946.304330,,0.000000,,,,,-1.059999,,,-0.947870,-1.059999,,"",,,,,"D1 PROFILE",,
"64403500000185","Nodes","185",21.000000,29.382996,"DDS demands","Known Flow",279868.262137,657858.115316,,0.000000,,,,,-12.890000,,,-11.526469,-12.890000,,"",,,,,"D1 PROFILE",,
"64403500000186","Nodes","186",21.000000,29.012177,"DDS demands","Known Flow",279946.700332,657801.082203,,0.000000,,,,,-3.510000,,,-3.138704,-3.510000,,"",,,,,"D1 PROFILE",,
"64403500000150","Nodes","150",21.000000,29.935366,"DDS demands","Known Flow",279855.442679,657867.569299,,0.000000,,,,,-2.769999,,,-2.476983,-2.769999,,"",,,,,"D1 PROFILE",,
"64403500000049","Nodes","49",21.000000,31.388762,"DDS demands","Known Flow",279643.200090,657998.454655,,0.000000,,,,,-3.119999,,,-2.789959,-3.119999,,"",,,,,"D1 PROFILE",,
"64403500010200","Nodes","10200",21.000000,34.888004,"Default Known Flow Node","Known Flow",279767.556833,657856.856603,,0.000000,,,,,,,,0.000000,0.000000,,"",,,,,,,
"64403500000169","Nodes","169",21.000000,33.728710,"DDS demands","Known Flow",279594.434923,658098.930560,,0.000000,,,,,-10.169999,,,-9.094195,-10.169999,,"",,,,,"D1 PROFILE",,
"64403500010239","Nodes","10239",21.000000,31.110670,"DDS demands","Known Flow",279688.375261,658029.236265,,0.000000,,,,,-5.850000,,,-5.231174,-5.850000,,"",,,,,"D1 PROFILE",,
"64403500000232","Nodes","232",21.000000,39.317014,"DDS demands","Known Flow",279945.577331,658122.155291,,0.000000,,,,,-11.810000,,,-10.560714,-11.810000,,"",,,,,"D1 PROFILE",,
"64403500000052","Nodes","52",21.000000,32.687809,"DDS demands","Known Flow",279836.067302,658011.805261,,0.000000,-17.920000,,,,-0.839999,,,-16.775527,-18.759999,,"","C1 PROFILE",,,,"D1 PROFILE",,
"64403500010329","Nodes","10329",21.000000,33.526956,"Default Known Flow Node","Known Flow",279790.487077,658035.056002,,0.000000,,,,,,,,0.000000,0.000000,,"",,,,,,,
"64403500000046","Nodes","46",21.000000,33.737120,"Default Known Flow Node","Known Flow",279596.442236,658103.832286,,0.000000,,,,,,,,0.000000,0.000000,,"",,,,,,,
"64403500010233","Nodes","10233",21.000000,36.203544,"Default Known Flow Node","Known Flow",279645.086250,658140.560296,,0.000000,,,,,,,,0.000000,0.000000,,"",,,,,,,
"64403500010361","Nodes","10361",21.000000,36.203544,"DDS demands","Known Flow",279662.328254,658136.672295,,0.000000,,,,,-5.030000,,,-4.497916,-5.030000,,"",,,,,"D1 PROFILE",,
"64403500000170","Nodes","170",21.000000,40.148583,"DDS demands","Known Flow",279936.010750,658058.337948,,0.000000,,,,,-6.550000,,,-5.857127,-6.550000,,"",,,,,"D1 PROFILE",,
"64403500010185","Nodes","10185",21.000000,39.317014,"Default Known Flow Node","Known Flow",279939.098330,658115.147289,,0.000000,,,,,,,,0.000000,0.000000,,"",,,,,,,
"64403500000058","Nodes","58",21.000000,39.756786,"DDS demands","Known Flow",279943.074580,658064.956039,,0.000000,,,,,-6.719999,,,-6.009144,-6.719999,,"",,,,,"D1 PROFILE",,
"64403500000171","Nodes","171",21.000000,39.471506,"DDS demands","Known Flow",279913.974323,658083.157280,,0.000000,-0.049999,,,,-15.630000,,-5.559999,-18.993187,-21.240000,,"","C1 PROFILE",,,,"D1 PROFILE",,"I2 PROFILE"
"64403500000051","Nodes","51",21.000000,33.663070,"DDS demands","Known Flow",279787.412715,658027.798455,,0.000000,,,,,-14.189999,,,-12.688951,-14.189999,,"",,,,,"D1 PROFILE",,
"64403500010194","Nodes","10194",21.000000,33.737120,"Default Known Flow Node","Known Flow",279595.540236,658101.282285,,0.000000,,,,,,,,0.000000,0.000000,,"",,,,,,,
"64403500010353","Nodes","10353",21.000000,33.749482,"Default Known Flow Node","Known Flow",279598.008237,658103.204285,,0.000000,,,,,,,,0.000000,0.000000,,"",,,,,,,
"64403500000168","Nodes","168",21.000000,32.696353,"DDS demands","Known Flow",279568.318134,658117.265885,,0.000000,,,,,-2.589999,,,-2.316024,-2.589999,,"",,,,,"D1 PROFILE",,
"64403500010351","Nodes","10351",21.000000,32.633976,"Default Known Flow Node","Known Flow",279556.530231,658103.525614,,0.000000,,,,,,,,0.000000,0.000000,,"",,,,,,,
"64403500010368","Nodes","10368",21.000000,31.688189,"Default Known Flow Node","Known Flow",279539.244781,658154.047589,,0.000000,,,,,,,,0.000000,0.000000,,"",,,,,,,
"64403500010356","Nodes","10356",21.000000,32.826463,"Default Known Flow Node","Known Flow",279572.387304,658114.535710,,0.000000,,,,,,,,0.000000,0.000000,,"",,,,,,,
"64403500000047","Nodes","47",21.000000,34.670352,"DDS demands","Known Flow",279641.084249,658087.821281,,0.000000,,,,,-10.939999,,,-9.782743,-10.939999,,"",,,,,"D1 PROFILE",,
"64403500010360","Nodes","10360",21.000000,36.162349,"DDS demands","Known Flow",279661.831172,658135.548395,,0.000000,,,,,-6.880000,,,-6.152219,-6.880000,,"",,,,,"D1 PROFILE",,
"64403500010158","Nodes","10158",21.000000,31.299672,"Default Known Flow Node","Known Flow",279505.332415,658212.524571,,0.000000,,,,,,,,0.000000,0.000000,,"",,,,,,,
"64403500000045","Nodes","45",21.000000,31.296210,"DDS demands","Known Flow",279502.424211,658214.336316,,0.000000,,,,,-10.569999,,,-9.451883,-10.569999,,"",,,,,"D1 PROFILE",,
"64403500010160","Nodes","10160",21.000000,31.299672,"Default Known Flow Node","Known Flow",279520.470975,658224.458099,,0.000000,,,,,,,,0.000000,0.000000,,"",,,,,,,
"64403500010191","Nodes","10191",21.000000,31.334176,"DDS demands","Known Flow",279502.618211,658171.288304,,0.000000,,,,,-2.619999,,,-2.342850,-2.619999,,"",,,,,"D1 PROFILE",,
"64403500010366","Nodes","10366",21.000000,31.458861,"DDS demands","Known Flow",279523.597217,658144.706297,,0.000000,,,,,-0.579999,,,-0.518646,-0.579999,,"",,,,,"D1 PROFILE",,
"64403500010220","Nodes","10220",21.000000,31.586914,"DDS demands","Known Flow",279530.607218,658134.496294,,0.000000,,,,,-2.250000,,,-2.011990,-2.250000,,"",,,,,"D1 PROFILE",,
"64403500010212","Nodes","10212",21.000000,30.133250,"DDS demands","Known Flow",279544.605222,658188.279309,,0.000000,,,,,-4.709999,,,-4.211766,-4.709999,,"",,,,,"D1 PROFILE",,
"64403500010208","Nodes","10208",21.000000,32.627655,"DDS demands","Known Flow",279564.305228,658096.707284,,0.000000,,,,,-2.289999,,,-2.047759,-2.289999,,"",,,,,"D1 PROFILE",,
"64403500010182","Nodes","10182",21.000000,32.622265,"DDS demands","Known Flow",279545.694223,658114.703289,,0.000000,,,,,-2.970000,,,-2.655827,-2.970000,,"",,,,,"D1 PROFILE",,
"64403500010362","Nodes","10362",21.000000,32.822162,"Default Known Flow Node","Known Flow",279586.737267,658135.931442,,0.000000,,,,,,,,0.000000,0.000000,,"",,,,,,,
"64403500010199","Nodes","10199",21.000000,32.811405,"DDS demands","Known Flow",279578.815232,658148.079298,,0.000000,,,,,-3.390000,,,-3.031398,-3.390000,,"",,,,,"D1 PROFILE",,
"64403500010214","Nodes","10214",21.000000,32.818389,"DDS demands","Known Flow",279595.307236,658132.462293,,0.000000,,,,,-2.409999,,,-2.155065,-2.409999,,"",,,,,"D1 PROFILE",,
"64403500010346","Nodes","10346",21.000000,34.165100,"Default Known Flow Node","Known Flow",279615.193241,658077.881279,,0.000000,,,,,,,,0.000000,0.000000,,"",,,,,,,
"64403500010215","Nodes","10215",21.000000,34.159772,"DDS demands","Known Flow",279605.571239,658081.005279,,0.000000,,,,,-2.740000,,,-2.450157,-2.740000,,"",,,,,"D1 PROFILE",,
"64403500010226","Nodes","10226",21.000000,34.385204,"Default Known Flow Node","Known Flow",279627.071245,658073.379277,,0.000000,,,,,,,,0.000000,0.000000,,"",,,,,,,
"64403500010349","Nodes","10349",21.000000,34.174784,"Default Known Flow Node","Known Flow",279622.205243,658094.882283,,0.000000,,,,,,,,0.000000,0.000000,,"",,,,,,,
"64403500010231","Nodes","10231",21.000000,34.083432,"DDS demands","Known Flow",279620.953243,658127.290292,,0.000000,,,,,-2.900000,,,-2.593232,-2.900000,,"",,,,,"D1 PROFILE",,
"64403500010305","Nodes","10305",21.000000,36.203544,"Default Known Flow Node","Known Flow",279665.547255,658134.223294,,0.000000,,,,,,,,0.000000,0.000000,,"",,,,,,,
"64403500010337","Nodes","10337",21.000000,33.986187,"Default Known Flow Node","Known Flow",279747.949903,658046.924353,,0.000000,,,,,,,,0.000000,0.000000,,"",,,,,,,
"64403500010241","Nodes","10241",21.000000,34.336326,"Default Known Flow Node","Known Flow",279689.321262,658047.507270,,0.000000,,,,,,,,0.000000,0.000000,,"",,,,,,,
"64403500010209","Nodes","10209",21.000000,33.986187,"Default Known Flow Node","Known Flow",279737.817275,658028.760265,,0.000000,,,,,,,,0.000000,0.000000,,"",,,,,,,
"64403500010335","Nodes","10335",21.000000,33.543988,"Default Known Flow Node","Known Flow",279785.512288,658037.885268,,0.000000,,,,,,,,0.000000,0.000000,,"",,,,,,,
"64403500010170","Nodes","10170",21.000000,33.543988,"Default Known Flow Node","Known Flow",279783.801287,658038.865268,,0.000000,,,,,,,,0.000000,0.000000,,"",,,,,,,
"64403500010339","Nodes","10339",21.000000,33.543988,"Default Known Flow Node","Known Flow",279775.670285,658061.824274,,0.000000,,,,,,,,0.000000,0.000000,,"",,,,,,,
"64403500010338","Nodes","10338",21.000000,40.096522,"Default Known Flow Node","Known Flow",279936.806408,658059.045754,,0.000000,,,,,,,,0.000000,0.000000,,"",,,,,,,
"64403500000317","Nodes","317",21.000000,38.922908,"Default Known Flow Node","Known Flow",279861.458308,658151.500299,,0.000000,,,,,,,,0.000000,0.000000,,"",,,,,,,
"64403500000320","Nodes","320",21.000000,39.010303,"Default Known Flow Node","Known Flow",279928.203327,658144.021297,,0.000000,,,,,,,,0.000000,0.000000,,"",,,,,,,
"64403500010358","Nodes","10358",21.000000,39.010303,"Default Known Flow Node","Known Flow",279852.310306,658119.932290,,0.000000,,,,,,,,0.000000,0.000000,,"",,,,,,,
"64403500000033","Nodes","33",21.000000,36.192098,"DDS demands","Known Flow",279861.944309,658844.221487,,0.000000,,,,,-13.049999,,,-11.669543,-13.049999,,"",,,,,"D1 PROFILE",,
"64403500000191","Nodes","191",21.000000,35.617449,"DDS demands","Known Flow",279920.608325,658824.039482,,0.000000,,,,,-9.580000,,,-8.566607,-9.580000,,"",,,,,"D1 PROFILE",,
"64403500010301","Nodes","10301",21.000000,38.555687,"Default Known Flow Node","Known Flow",279907.194321,658755.198463,,0.000000,,,,,,,,0.000000,0.000000,,"",,,,,,,
"64403500010213","Nodes","10213",21.000000,38.555687,"Default Known Flow Node","Known Flow",279919.825324,658735.881458,,0.000000,,,,,,,,0.000000,0.000000,,"",,,,,,,
"64403500010299","Nodes","10299",21.000000,38.853029,"Default Known Flow Node","Known Flow",279945.479610,658754.560497,,0.000000,,,,,,,,0.000000,0.000000,,"",,,,,,,
"64403500010294","Nodes","10294",21.000000,38.853029,"Default Known Flow Node","Known Flow",279946.115332,658736.747458,,0.000000,,,,,,,,0.000000,0.000000,,"",,,,,,,
"64403500010297","Nodes","10297",21.000000,38.877649,"Default Known Flow Node","Known Flow",279949.280332,658754.527463,,0.000000,,,,,,,,0.000000,0.000000,,"",,,,,,,
"64403500010308","Nodes","10308",21.000000,38.893003,"Default Known Flow Node","Known Flow",279945.382331,658777.616469,,0.000000,,,,,,,,0.000000,0.000000,,"",,,,,,,
"64403500000310","Nodes","310",21.000000,38.598977,"Default Known Flow Node","Known Flow",279913.038323,658754.842463,,0.000000,,,,,,,,0.000000,0.000000,,"",,,,,,,
"64403500000312","Nodes","312",21.000000,39.178237,"DDS demands","Known Flow",279988.796343,658763.674465,,0.000000,,,,,-6.439999,,,-5.758763,-6.439999,,"",,,,,"D1 PROFILE",,
"64403500010295","Nodes","10295",21.000000,39.174510,"Default Known Flow Node","Known Flow",279992.060344,658745.892460,,0.000000,,,,,,,,0.000000,0.000000,,"",,,,,,,
"64403500000173","Nodes","173",21.000000,37.940990,"DDS demands","Known Flow",279842.642423,658981.391321,,0.000000,,,,,-14.630000,,,-13.082408,-14.630000,,"",,,,,"D1 PROFILE",,
"64403500000174","Nodes","174",21.000000,38.136216,"DDS demands","Known Flow",279849.239684,658945.328753,,0.000000,,,,,-15.640000,,,-13.985568,-15.640000,,"",,,,,"D1 PROFILE",,
"64403500000028","Nodes","28",21.000000,37.904928,"DDS demands","Known Flow",279748.821762,658987.084007,,0.000000,,,,,-7.469999,,,-6.679807,-7.469999,,"",,,,,"D1 PROFILE",,
"64403500000172","Nodes","172",21.000000,37.904637,"DDS demands","Known Flow",279727.802786,658933.477414,,0.000000,,,,,-13.409999,,,-11.991461,-13.409999,,"",,,,,"D1 PROFILE",,
"64403500010186","Nodes","10186",21.000000,37.904665,"Default Known Flow Node","Known Flow",279728.656960,658935.361863,,0.000000,,,,,,,,0.000000,0.000000,,"",,,,,,,
"64403500000201","Nodes","201",21.000000,37.936091,"DDS demands","Known Flow",279759.290035,658858.171918,,0.000000,,,,,-6.650000,,,-5.946549,-6.650000,,"",,,,,"D1 PROFILE",,
"64403500010322","Nodes","10322",21.000000,37.842031,"Default Known Flow Node","Known Flow",279745.104920,658849.836927,,0.000000,,,,,,,,0.000000,0.000000,,"",,,,,,,
"64403500010327","Nodes","10327",21.000000,35.886135,"Default Known Flow Node","Known Flow",279803.147676,658916.651208,,0.000000,,,,,,,,0.000000,0.000000,,"",,,,,,,
"64403500000193","Nodes","193",21.000000,35.599597,"DDS demands","Known Flow",279960.917336,658827.654483,,0.000000,,,,,-6.550000,,,-5.857127,-6.550000,,"",,,,,"D1 PROFILE",,
"64403500000237","Nodes","237",21.000000,35.617449,"Default Known Flow Node","Known Flow",279919.721516,658809.828377,,0.000000,,,,,,,,0.000000,0.000000,,"",,,,,,,
"64403500010318","Nodes","10318",21.000000,35.531699,"Default Known Flow Node","Known Flow",279967.634388,658808.098865,,0.000000,,,,,,,,0.000000,0.000000,,"",,,,,,,
"64403500000202","Nodes","202",21.000000,37.781324,"DDS demands","Known Flow",279738.477275,658858.980491,,0.000000,,,,,-10.119999,,,-9.049484,-10.119999,,"",,,,,"D1 PROFILE",,
"64403500000031","Nodes","31",21.000000,35.877710,"DDS demands","Known Flow",279801.635292,658918.741507,,0.000000,,,,,-10.719999,,,-9.586015,-10.719999,,"",,,,,"D1 PROFILE",,
"64403500010309","Nodes","10309",21.000000,38.893003,"Default Known Flow Node","Known Flow",279959.308335,658779.917470,,0.000000,,,,,,,,0.000000,0.000000,,"",,,,,,,
"64403500010244","Nodes","10244",21.000000,38.853029,"Default Known Flow Node","Known Flow",279944.087331,658736.314458,,0.000000,,,,,,,,0.000000,0.000000,,"",,,,,,,
"64403500010311","Nodes","10311",21.000000,38.849124,"Default Known Flow Node","Known Flow",279977.681340,658783.783471,,0.000000,,,,,,,,0.000000,0.000000,,"",,,,,,,
"64403500010229","Nodes","10229",21.000000,38.849124,"Default Known Flow Node","Known Flow",279983.904342,658783.578471,,0.000000,,,,,,,,0.000000,0.000000,,"",,,,,,,
"64403500000238","Nodes","238",21.000000,35.617449,"Default Known Flow Node","Known Flow",279916.748324,658784.178471,,0.000000,,,,,,,,0.000000,0.000000,,"",,,,,,,
"64403500000194","Nodes","194",21.000000,35.450871,"DDS demands","Known Flow",279994.298345,658819.613480,,0.000000,,,,,-4.280000,,,-3.827252,-4.280000,,"",,,,,"D1 PROFILE",,
"64403500010189","Nodes","10189",21.000000,35.531699,"Default Known Flow Node","Known Flow",279925.328205,658806.137878,,0.000000,,,,,,,,0.000000,0.000000,,"",,,,,,,
"64403500000313","Nodes","313",21.000000,39.168107,"DDS demands","Known Flow",279961.618863,658739.803781,,0.000000,,,,,-8.949999,,,-8.003250,-8.949999,,"",,,,,"D1 PROFILE",,
"64403500000022","Nodes","22",21.000000,37.608039,"DDS demands","Known Flow",279796.513291,659167.315575,,0.000000,,,,,-5.889999,,,-5.266943,-5.889999,,"",,,,,"D1 PROFILE",,
"64403500000227","Nodes","227",21.000000,37.580303,"DDS demands","Known Flow",279801.595651,659107.950286,,0.000000,,,,,-5.879999,,,-5.258001,-5.879999,,"",,,,,"D1 PROFILE",,
"64403500000195","Nodes","195",21.000000,37.852235,"DDS demands","Known Flow",279898.794319,659151.952571,,0.000000,,,,,-9.710000,,,-8.682855,-9.710000,,"",,,,,"D1 PROFILE",,
"64403500000196","Nodes","196",21.000000,37.833557,"DDS demands","Known Flow",279918.518324,659113.926560,,0.000000,,,,,-4.099999,,,-3.666293,-4.099999,,"",,,,,"D1 PROFILE",,
"64403500000178","Nodes","178",21.000000,37.722577,"DDS demands","Known Flow",279837.845302,659022.137535,,0.000000,,,,,-9.330000,,,-8.343053,-9.330000,,"",,,,,"D1 PROFILE",,
"64403500000179","Nodes","179",21.000000,37.690424,"DDS demands","Known Flow",279808.907124,659050.455333,,0.000000,,,,,-2.829999,,,-2.530636,-2.829999,,"",,,,,"D1 PROFILE",,
"64403500000024","Nodes","24",21.000000,37.717440,"DDS demands","Known Flow",279832.743340,659087.654947,,0.000000,,,,,-2.160000,,,-1.931510,-2.160000,,"",,,,,"D1 PROFILE",,
"64403500000025","Nodes","25",21.000000,37.466406,"DDS demands","Known Flow",279881.601435,659092.010882,,0.000000,,,,,-11.719999,,,-10.480234,-11.719999,,"",,,,,"D1 PROFILE",,
"64403500000023","Nodes","23",21.000000,37.582650,"Default Known Flow Node","Known Flow",279804.887008,659086.091498,,0.000000,,,,,,,,0.000000,0.000000,,"",,,,,,,
"64403500000027","Nodes","27",21.000000,37.639346,"DDS demands","Known Flow",279721.321546,659028.187895,,0.000000,,,,,-3.599999,,,-3.219184,-3.599999,,"",,,,,"D1 PROFILE",,
"64403500000230","Nodes","230",21.000000,37.648580,"Default Known Flow Node","Known Flow",279876.211313,659117.392561,,0.000000,,,,,,,,0.000000,0.000000,,"",,,,,,,
"64403500000026","Nodes","26",21.000000,37.634772,"DDS demands","Known Flow",279693.349263,659020.442535,,0.000000,,,,,-1.450000,,,-1.296616,-1.450000,,"",,,,,"D1 PROFILE",,
"64403500010357","Nodes","10357",21.000000,39.972039,"Default Known Flow Node","Known Flow",280102.640120,658115.342983,,0.000000,,,,,,,,0.000000,0.000000,,"",,,,,,,
"64403500010207","Nodes","10207",21.000000,39.972039,"Default Known Flow Node","Known Flow",280082.436371,658133.008152,,0.000000,,,,,,,,0.000000,0.000000,,"",,,,,,,
"64403500000157","Nodes","157",21.000000,36.593926,"DDS demands","Known Flow",280337.934685,658330.184344,,0.000000,,,,,-5.840000,,,-5.222232,-5.840000,,"",,,,,"D1 PROFILE",,
"64403500000064","Nodes","64",21.000000,41.387823,"Default Known Flow Node","Known Flow",280279.744200,658417.595151,,0.000000,,,,,,,,0.000000,0.000000,,"",,,,,,,
"64403500000063","Nodes","63",21.000000,42.512418,"DDS demands","Known Flow",280278.118251,658466.497017,,0.000000,,,,,-7.430000,,,-6.644039,-7.430000,,"",,,,,"D1 PROFILE",,
"64403500000151","Nodes","151",21.000000,40.622670,"DDS demands","Known Flow",280179.252395,658321.870345,,0.000000,-3.589999,,-7.360000,,-14.300000,,,-22.579002,-25.250000,,"","C1 PROFILE",,"C4 PROFILE",,"D1 PROFILE",,
"64403500000065","Nodes","65",21.000000,40.515656,"DDS demands","Known Flow",280394.549454,658410.362369,,0.000000,,-24.999999,,,-21.850001,,,-41.894107,-46.850000,,"",,"C2 PROFILE",,,"D1 PROFILE",,
"64403500000156","Nodes","156",21.000000,36.680668,"DDS demands","Known Flow",280301.133428,658337.153349,,0.000000,,,,,-11.750000,,,-10.507060,-11.750000,,"",,,,,"D1 PROFILE",,
"64403500000158","Nodes","158",21.000000,36.649829,"DDS demands","Known Flow",280305.076429,658381.258361,,0.000000,,,,,-6.710000,,,-6.000202,-6.710000,,"",,,,,"D1 PROFILE",,
"64403500000152","Nodes","152",21.000000,37.434404,"DDS demands","Known Flow",280264.579418,658282.645334,,0.000000,,,,,-5.489999,,,-4.909256,-5.489999,,"",,,,,"D1 PROFILE",,
"64403500010259","Nodes","10259",21.000000,37.259771,"Default Known Flow Node","Known Flow",280300.318428,658278.920333,,0.000000,,,,,,,,0.000000,0.000000,,"",,,,,,,
"64403500010263","Nodes","10263",21.000000,36.872409,"DDS demands","Known Flow",280267.870419,658339.864350,,0.000000,,,,,-7.020000,,,-6.277409,-7.020000,,"",,,,,"D1 PROFILE",,
"64403500000153","Nodes","153",21.000000,37.231210,"DDS demands","Known Flow",280300.623428,658271.081331,,0.000000,,,,,-10.320000,,,-9.228329,-10.320000,,"",,,,,"D1 PROFILE",,
"64403500000154","Nodes","154",21.000000,37.173914,"DDS demands","Known Flow",280329.351436,658269.451331,,0.000000,,,,,-5.630000,,,-5.034446,-5.630000,,"",,,,,"D1 PROFILE",,
"64403500000155","Nodes","155",21.000000,37.095749,"DDS demands","Known Flow",280257.545416,658230.326320,,0.000000,,,,,-5.739999,,,-5.132810,-5.739999,,"",,,,,"D1 PROFILE",,
"64403500000160","Nodes","160",21.000000,40.152696,"DDS demands","Known Flow",280115.860636,658236.038405,,0.000000,-0.029999,-6.000000,,,-10.090000,,-4.150000,-18.125798,-20.269999,,"","C1 PROFILE","C2 PROFILE",,,"D1 PROFILE",,"I2 PROFILE"
"64403500000161","Nodes","161",21.000000,40.060272,"DDS demands","Known Flow",280140.803682,658202.761853,,0.000000,,,,,-5.899999,,,-5.275885,-5.899999,,"",,,,,"D1 PROFILE",,
"64403500010159","Nodes","10159",21.000000,40.043866,"Default Known Flow Node","Known Flow",280155.883088,658219.554696,,0.000000,,,,,,,,0.000000,0.000000,,"",,,,,,,
"64403500000162","Nodes","162",21.000000,40.017811,"DDS demands","Known Flow",280146.292993,658163.708177,,0.000000,,,,,-6.139999,,,-5.490497,-6.139999,,"",,,,,"D1 PROFILE",,
"64403500000164","Nodes","164",21.000000,39.994600,"DDS demands","Known Flow",280204.946402,658215.715316,,0.000000,,,,,-8.420000,,,-7.529314,-8.420000,,"",,,,,"D1 PROFILE",,
"64403500010155","Nodes","10155",21.000000,39.994600,"Default Known Flow Node","Known Flow",280203.027052,658181.937957,,0.000000,,,,,,,,0.000000,0.000000,,"",,,,,,,
"64403500010249","Nodes","10249",21.000000,40.017811,"Default Known Flow Node","Known Flow",280169.947392,658161.336301,,0.000000,,,,,,,,0.000000,0.000000,,"",,,,,,,
"64403500010354","Nodes","10354",21.000000,39.972039,"Default Known Flow Node","Known Flow",280104.651375,658113.249288,,0.000000,,,,,,,,0.000000,0.000000,,"",,,,,,,
"64403500000163","Nodes","163",21.000000,39.963926,"DDS demands","Known Flow",280109.289376,658109.433287,,0.000000,,,,,-4.469999,,,-3.997153,-4.469999,,"",,,,,"D1 PROFILE",,
"64403500000235","Nodes","235",21.000000,39.994600,"Default Known Flow Node","Known Flow",280217.072405,658200.460312,,0.000000,,,,,,,,0.000000,0.000000,,"",,,,,,,
"64403500010168","Nodes","10168",21.000000,39.994600,"Default Known Flow Node","Known Flow",280191.280398,658174.215305,,0.000000,,,,,,,,0.000000,0.000000,,"",,,,,,,
"64403500010171","Nodes","10171",21.000000,39.994600,"Default Known Flow Node","Known Flow",280223.081407,658209.204314,,0.000000,,,,,,,,0.000000,0.000000,,"",,,,,,,
"64403500010246","Nodes","10246",21.000000,36.735740,"DDS demands","Known Flow",280233.864410,658342.849351,,0.000000,,,,,-7.479999,,,-6.688749,-7.479999,,"",,,,,"D1 PROFILE",,
"64403500010167","Nodes","10167",21.000000,36.804498,"DDS demands","Known Flow",280257.546939,658350.499380,,0.000000,,,,,-3.000000,,,-2.682653,-3.000000,,"",,,,,"D1 PROFILE",,
"64403500010163","Nodes","10163",21.000000,37.259771,"Default Known Flow Node","Known Flow",280302.936429,658278.703333,,0.000000,,,,,,,,0.000000,0.000000,,"",,,,,,,
"64403500010275","Nodes","10275",21.000000,40.364764,"DDS demands","Known Flow",280441.920514,658404.558613,,0.000000,-4.670000,,,,-13.720000,,,-16.444667,-18.390000,,"","C1 PROFILE",,,,"D1 PROFILE",,
"64403500010164","Nodes","10164",21.000000,40.495679,"Default Known Flow Node","Known Flow",280428.890758,658426.912979,,0.000000,,,,,,,,0.000000,0.000000,,"",,,,,,,
"64403500000188","Nodes","188",21.000000,38.391422,"DDS demands","Known Flow",280865.870582,658281.516334,,0.000000,,,,,-3.180000,,-6.000000,-8.208920,-9.180000,,"",,,,,"D1 PROFILE",,"I2 PROFILE"
"64403500000069","Nodes","69",21.000000,38.851779,"DDS demands","Known Flow",280795.495546,658364.133632,,0.000000,,,,,-16.280000,,,-14.557867,-16.280000,,"",,,,,"D1 PROFILE",,
"64403500000068","Nodes","68",21.000000,39.284396,"DDS demands","Known Flow",280567.532501,658384.009362,,0.000000,,,,,-14.330000,,,-12.814142,-14.330000,,"",,,,,"D1 PROFILE",,
"64403500000071","Nodes","71",21.000000,38.834893,"DDS demands","Known Flow",280804.763565,658364.762357,,0.000000,,,,,-9.549999,,,-8.539781,-9.549999,,"",,,,,"D1 PROFILE",,
"64403500000197","Nodes","P00071984, CARLISLE ROAD GTC site , 27.42",22.999998,31.955487,"CSEP DDS Matched","Known Flow",281282.805079,658277.926073,,0.000000,,,,,-18.180000,-27.419999,,-40.776334,-45.600000,,"",,,,,"D1 PROFILE","DC PROFILE",
"64403500010202","Nodes","10202",21.000000,39.174510,"Default Known Flow Node","Known Flow",280015.911351,658756.711463,,0.000000,,,,,,,,0.000000,0.000000,,"",,,,,,,
"64403500000314","Nodes","314",21.000000,39.645720,"DDS demands","Known Flow",280034.200355,658770.441467,,0.000000,,,,,-2.450000,,,-2.190834,-2.450000,,"",,,,,"D1 PROFILE",,
"64403500010237","Nodes","10237",21.000000,39.980632,"Default Known Flow Node","Known Flow",280068.387632,658871.251707,,0.000000,,,,,,,,0.000000,0.000000,,"",,,,,,,
"64403500000181","Nodes","181",21.000000,39.435087,"DDS demands","Known Flow",280032.723355,658922.903508,,0.000000,,,,,-6.309999,,,-5.642515,-6.309999,,"",,,,,"D1 PROFILE",,
"64403500000041","Nodes","41",21.000000,40.002289,"DDS demands","Known Flow",280070.329945,658871.913162,,0.000000,,,,,-5.810000,,,-5.195405,-5.810000,,"",,,,,"D1 PROFILE",,
"64403500010326","Nodes","10326",21.000000,40.001944,"Default Known Flow Node","Known Flow",280066.494364,658877.416496,,0.000000,,,,,,,,0.000000,0.000000,,"",,,,,,,
"64403500000038","Nodes","38",21.000000,40.494438,"DDS demands","Known Flow",280125.343050,658782.887674,,0.000000,,,,,-6.049999,,,-5.410018,-6.049999,,"",,,,,"D1 PROFILE",,
"64403500000037","Nodes","37",21.000000,39.805436,"DDS demands","Known Flow",280044.897358,658761.529465,,0.000000,,,,,-5.949999,,,-5.320596,-5.949999,,"",,,,,"D1 PROFILE",,
"64403500000184","Nodes","184",21.000000,47.441796,"DDS demands","Known Flow",280276.551521,658523.228379,,0.000000,,,,,-3.430000,,,-3.067167,-3.430000,,"",,,,,"D1 PROFILE",,
"64403500000183","Nodes","BIGGAR ROAD DG, Clocked, Site ID 5403",21.000000,48.500000,"Default Known Pressure Node","Known Pressure",280254.720415,658517.065398,,1699.199891,,,,,,,,847.710836,947.991315,,"",,,,,,,
"64403500000182","Nodes","182",21.000000,38.755808,"DDS demands","Known Flow",280007.742036,658965.569838,,0.000000,,,,,-1.869999,,,-1.672187,-1.869999,,"",,,,,"D1 PROFILE",,
"64403500010240","Nodes","10240",21.000000,38.710471,"DDS demands","Known Flow",280005.412791,658970.410165,,0.000000,,,,,-3.849999,,,-3.442738,-3.849999,,"",,,,,"D1 PROFILE",,
"64403500000260","Nodes","260",21.000000,40.724752,"DDS demands","Known Flow",280113.734377,658598.857420,,0.000000,,,,,-13.910000,,,-12.438570,-13.910000,,"",,,,,"D1 PROFILE",,
"64403500010286","Nodes","10286",21.000000,40.677755,"Default Known Flow Node","Known Flow",280102.879589,658592.930018,,0.000000,,,,,,,,0.000000,0.000000,,"",,,,,,,
"64403500000305","Nodes","305",21.000000,41.363091,"DDS demands","Known Flow",280148.649387,658662.549438,,0.000000,,,,,-3.619999,,,-3.237068,-3.619999,,"",,,,,"D1 PROFILE",,
"64403500010288","Nodes","10288",21.000000,41.344233,"DDS demands","Known Flow",280145.702483,658667.316322,,0.000000,,,,,-3.609999,,,-3.228126,-3.609999,,"",,,,,"D1 PROFILE",,
"64403500000304","Nodes","304",21.000000,41.895773,"DDS demands","Known Flow",280186.840379,658687.264649,,0.000000,-4.330000,,,,-3.629999,,,-7.117974,-7.960000,,"","C1 PROFILE",,,,"D1 PROFILE",,
"64403500000303","Nodes","303",21.000000,40.525963,"DDS demands","Known Flow",280080.058417,658681.069798,,0.000000,,,,,-1.649999,,,-1.475459,-1.649999,,"",,,,,"D1 PROFILE",,
"64403500000308","Nodes","308",21.000000,40.225773,"DDS demands","Known Flow",280031.432355,658657.637436,,0.000000,,,,,-3.589999,,,-3.210242,-3.589999,,"",,,,,"D1 PROFILE",,
"64403500000309","Nodes","309",21.000000,40.158347,"DDS demands","Known Flow",280052.774361,658658.541437,,0.000000,,,,,-6.360000,,,-5.687226,-6.360000,,"",,,,,"D1 PROFILE",,
"64403500000301","Nodes","301",21.000000,41.132806,"DDS demands","Known Flow",280153.085633,658740.606827,,0.000000,,,,,-2.840000,,,-2.539578,-2.840000,,"",,,,,"D1 PROFILE",,
"64403500000302","Nodes","302",21.000000,40.906906,"DDS demands","Known Flow",280119.735379,658716.204452,,0.000000,,,,,-10.090000,,,-9.022658,-10.090000,,"",,,,,"D1 PROFILE",,
"64403500010293","Nodes","10293",21.000000,39.714231,"Default Known Flow Node","Known Flow",280052.768737,658733.072351,,0.000000,,,,,,,,0.000000,0.000000,,"",,,,,,,
"64403500000315","Nodes","315",21.000000,39.666474,"DDS demands","Known Flow",280060.108363,658782.381470,,0.000000,,,,,-2.329999,,,-2.083527,-2.329999,,"",,,,,"D1 PROFILE",,
"64403500010203","Nodes","10203",21.000000,39.676583,"Default Known Flow Node","Known Flow",280030.479354,658801.042475,,0.000000,,,,,,,,0.000000,0.000000,,"",,,,,,,
"64403500000252","Nodes","252",21.000000,39.396946,"DDS demands","Known Flow",280012.004349,658711.024451,,0.000000,,,,,-7.030000,,,-6.286352,-7.030000,,"",,,,,"D1 PROFILE",,
"64403500000307","Nodes","307",21.000000,40.427250,"DDS demands","Known Flow",280049.643449,658632.016979,,0.000000,,,,,-8.279999,,,-7.404124,-8.279999,,"",,,,,"D1 PROFILE",,
"64403500000306","Nodes","306",21.000000,41.288860,"DDS demands","Known Flow",280122.695380,658655.085436,,0.000000,,,,,-2.230000,,,-1.994105,-2.230000,,"",,,,,"D1 PROFILE",,
"64403500010230","Nodes","10230",21.000000,41.465453,"DDS demands","Known Flow",280168.323392,658685.017444,,0.000000,,,,,-1.860000,,,-1.663245,-1.860000,,"",,,,,"D1 PROFILE",,
"64403500000166","Nodes","166",21.000000,34.299256,"Default Known Flow Node","Known Flow",281000.340305,658527.022570,,0.000000,,,,,,,,0.000000,0.000000,,"",,,,,,,
"64403500000167","Nodes","167",21.000000,34.459372,"Default Known Flow Node","Known Flow",281151.384659,658597.564420,,0.000000,,,,,,,,0.000000,0.000000,,"",,,,,,,
"64403500010162","Nodes","10162",21.000000,33.415674,"DDS demands","Known Flow",281197.382672,658597.880420,,0.000000,,,,,-4.249999,,,-3.800425,-4.249999,,"",,,,,"D1 PROFILE",,
"64403500000223","Nodes","223",21.000000,40.887176,"DDS demands","Known Flow",278400.726445,657947.946416,,0.000000,,,,,-13.499999,,,-12.071941,-13.499999,,"",,,,,"D1 PROFILE",,
"64403500000224","Nodes","224",21.000000,40.356968,"DDS demands","Known Flow",278340.466895,657895.706229,,0.000000,,,,,-7.979999,,,-7.135858,-7.979999,,"",,,,,"D1 PROFILE",,
"64403500000225","Nodes","225",21.000000,30.802314,"DDS demands","Known Flow",278509.099312,657908.368678,,0.000000,,,,,-17.440000,,,-15.595160,-17.440000,,"",,,,,"D1 PROFILE",,
"64403500010235","Nodes","10235",21.000000,30.303839,"DDS demands","Known Flow",278534.048725,657943.410687,,0.000000,,,,,-17.979999,,,-16.078037,-17.979999,,"",,,,,"D1 PROFILE",,
"64403500000226","Nodes","226",21.000000,30.013823,"DDS demands","Known Flow",278642.682413,657854.966914,,0.000000,,,,,-8.810000,,,-7.878060,-8.810000,,"",,,,,"D1 PROFILE",,
"64403500010371","Nodes","371",21.000000,32.216580,"Default Known Flow Node","Known Flow",281329.317708,658265.919330,,0.000000,,,,,,,,0.000000,0.000000,,"",,,,,,,
"64403500010276","Nodes","10276",21.000000,36.096324,"Default Known Flow Node","Known Flow",279868.545748,657985.701506,,0.000000,,,,,,,,0.000000,0.000000,,"",,,,,,,
"64403500010266","Nodes","10266",21.000000,26.826363,"Default Known Flow Node","Known Flow",279721.615864,657783.179174,,0.000000,,,,,,,,0.000000,0.000000,,"",,,,,,,
"64403500000325","Nodes","PPS5316, Knowenoble Farm, 43.97",23.500000,25.355333,"CSEP DDS Matched","Known Flow",279662.463394,657713.348069,,0.000000,,,,,-10.050000,-43.969999,,-48.305650,-54.019999,,"",,,,,"D1 PROFILE","DC PROFILE",
"64403500000053","Nodes","53",21.000000,26.764213,"DDS demands","Known Flow",279716.019948,657769.192687,,0.000000,,,,,-8.069999,,,-7.216338,-8.069999,,"",,,,,"D1 PROFILE",,
"64403500010157","Nodes","157",21.000000,35.161309,"Default Known Flow Node","Known Flow",279788.921274,657884.778130,,0.000000,,,,,,,,0.000000,0.000000,,"",,,,,,,
"64403500001000","Nodes","P00028393 - N1299, WISHAW LOW ROAD, 56.4",24.000000,26.996821,"CSEP DDS Matched","Known Flow",279738.482821,657826.143450,,0.000000,,,,,,-56.400002,,-50.433893,-56.400002,,"",,,,,,"DC PROFILE",
"64403500000210","Nodes","210",21.000000,54.954173,"DDS demands","Known Flow",278364.606013,658106.576708,,0.000000,,,,,-15.169999,,,-13.565285,-15.169999,,"",,,,,"D1 PROFILE",,
"64403500000211","Nodes","211",21.000000,52.954173,"DDS demands","Known Flow",278317.841888,657985.954254,,0.000000,,,,,-16.489999,,,-14.745652,-16.489999,,"",,,,,"D1 PROFILE",,
"64403500000221","Nodes","221",21.000000,42.983620,"DDS demands","Known Flow",278387.466135,658010.074273,,0.000000,,,,,-11.409999,,,-10.203026,-11.409999,,"",,,,,"D1 PROFILE",,
"64403500000222","Nodes","222",21.000000,40.534235,"DDS demands","Known Flow",278469.275098,657965.460980,,0.000000,,,,,-20.280000,,,-18.134738,-20.280000,,"",,,,,"D1 PROFILE",,
"64403500010342","Nodes","10342",21.000000,64.474064,"Default Known Flow Node","Known Flow",278347.955536,658136.023546,,0.000000,,,,,,,,0.000000,0.000000,,"",,,,,,,
"64403500000208","Nodes","208",21.000000,73.078669,"DDS demands","Known Flow",278325.343587,658165.599501,,0.000000,,,,,-7.340000,,,-6.563559,-7.340000,,"",,,,,"D1 PROFILE",,
"64403500000209","Nodes","209",21.000000,72.444148,"DDS demands","Known Flow",278241.716782,658177.829316,,0.000000,,,,,-7.040000,,,-6.295294,-7.040000,,"",,,,,"D1 PROFILE",,
"64403500000206","Nodes","206",21.000000,74.026013,"DDS demands","Known Flow",278299.650458,658186.494193,,0.000000,,,,,-7.360000,,,-6.581443,-7.360000,,"",,,,,"D1 PROFILE",,
"64403500000207","Nodes","207",21.000000,73.974627,"DDS demands","Known Flow",278324.841890,658264.456329,,0.000000,,,,,-4.239999,,,-3.791483,-4.239999,,"",,,,,"D1 PROFILE",,
"64403500000239","Nodes","Cleland Estate DG, Tel, Site ID 5405",21.000000,74.999996,"Default Known Pressure Node","Known Pressure",278269.716875,658208.081314,,1790.700008,,,,,,,,256.604765,286.960007,,"",,,,,,,
"64403500010340","Nodes","10340",21.000000,34.739110,"DDS demands","Known Flow",278500.059682,658063.963603,,0.000000,,,,,-14.319999,,,-12.805199,-14.319999,,"",,,,,"D1 PROFILE",,
"64403500010314","Nodes","Logger ID: 10268, No 51 MORRIS CRESCENT",21.000000,31.415893,"Val Log Cath","Known Flow",278535.286173,658026.235069,,0.000000,,,,,-12.960000,,,-11.589064,-12.960000,,"",,,,,"D1 PROFILE",,
"64403500000034","Nodes","34",21.000000,37.981576,"DDS demands","Known Flow",279824.639150,658787.104841,,0.000000,,,,,-9.200000,,,-8.226804,-9.200000,,"",,,,,"D1 PROFILE",,
"64403500010313","Nodes","10313",21.000000,38.020753,"Default Known Flow Node","Known Flow",279826.364830,658789.868766,,0.000000,,,,,,,,0.000000,0.000000,,"",,,,,,,
"64403500000036","Nodes","36",21.000000,38.165029,"DDS demands","Known Flow",279857.873694,658768.111007,,0.000000,,,,,-13.990000,,,-12.510108,-13.990000,,"",,,,,"D1 PROFILE",,
"64403500000035","Nodes","35",21.000000,38.106874,"DDS demands","Known Flow",279840.715303,658725.901455,,0.000000,,,,,-4.309999,,,-3.854079,-4.309999,,"",,,,,"D1 PROFILE",,
"64403500010253","Nodes","10253",21.000000,38.106874,"Default Known Flow Node","Known Flow",279840.967832,658725.798807,,0.000000,,,,,,,,0.000000,0.000000,,"",,,,,,,
"64403500010321","Nodes","10321",21.000000,38.014383,"Default Known Flow Node","Known Flow",279779.398062,658831.923739,,0.000000,,,,,,,,0.000000,0.000000,,"",,,,,,,
"64403500010345","Nodes","10345",21.000000,38.025183,"Default Known Flow Node","Known Flow",279825.390843,658788.486330,,0.000000,,,,,,,,0.000000,0.000000,,"",,,,,,,
"64403500010312","Nodes","10312",21.000000,38.027530,"Default Known Flow Node","Known Flow",279826.864778,658787.557589,,0.000000,,,,,,,,0.000000,0.000000,,"",,,,,,,
"64403500010310","Nodes","10310",21.000000,38.084481,"Default Known Flow Node","Known Flow",279834.286301,658781.574470,,0.000000,,,,,,,,0.000000,0.000000,,"",,,,,,,
"64403500010320","Nodes","10320",21.000000,37.957260,"Default Known Flow Node","Known Flow",279817.890939,658824.822013,,0.000000,,,,,,,,0.000000,0.000000,,"",,,,,,,
"64403500010324","Nodes","10324",21.000000,37.934842,"Default Known Flow Node","Known Flow",279758.835337,658858.949151,,0.000000,,,,,,,,0.000000,0.000000,,"",,,,,,,
"64403500010296","Nodes","10296",21.000000,38.144855,"Default Known Flow Node","Known Flow",279852.342306,658753.301462,,0.000000,,,,,,,,0.000000,0.000000,,"",,,,,,,
"64403500010323","Nodes","10323",21.000000,37.943830,"Default Known Flow Node","Known Flow",279761.324588,658857.199796,,0.000000,,,,,,,,0.000000,0.000000,,"",,,,,,,
"64403500010222","Nodes","10222",21.000000,37.989245,"Default Known Flow Node","Known Flow",279791.650289,658857.911491,,0.000000,,,,,,,,0.000000,0.000000,,"",,,,,,,
"64403500010300","Nodes","10300",21.000000,38.144855,"Default Known Flow Node","Known Flow",279844.861304,658756.349463,,0.000000,,,,,,,,0.000000,0.000000,,"",,,,,,,
"64403500010254","Nodes","10254",21.000000,38.100948,"Default Known Flow Node","Known Flow",279819.128297,658748.220461,,0.000000,,,,,,,,0.000000,0.000000,,"",,,,,,,
"64403500010234","Nodes","10234",21.000000,38.089079,"Default Known Flow Node","Known Flow",279829.784300,658838.466485,,0.000000,,,,,,,,0.000000,0.000000,,"",,,,,,,
"64403500000002","Nodes","CLELAND DISTRICT DG , Tel, Clocked, Site ID 5404",21.000000,42.000001,"Default Known Pressure Node","Known Pressure",280006.427348,658013.655261,,4163.040087,,,,,,,,446.209964,498.994651,,"",,,,,,,
"64403500010279","Nodes","10279",21.000000,39.363588,"DDS demands","Known Flow",280523.430321,658489.614949,,0.000000,-6.000000,,,,,,-6.000000,-10.730614,-12.000000,,"","C1 PROFILE",,,,,,"I2 PROFILE"
"64403500010228","Nodes","10228",21.000000,44.106933,"DDS demands","Known Flow",280261.433417,658576.103414,,0.000000,,,,,-5.989999,,,-5.356365,-5.989999,,"",,,,,"D1 PROFILE",,
"64403500010285","Nodes","10285",21.000000,42.689566,"DDS demands","Known Flow",280287.438424,658587.382417,,0.000000,,,,,-7.150000,,,-6.393657,-7.150000,,"",,,,,"D1 PROFILE",,
"64403500000040","Nodes","40",21.000000,40.096543,"DDS demands","Known Flow",280082.620982,658853.010915,,0.000000,,,,,-11.029999,,-2.230000,-11.857328,-13.260000,,"",,,,,"D1 PROFILE",,"I2 PROFILE"
"64403500010175","Nodes","10175",21.000000,40.775423,"DDS demands","Known Flow",280206.496402,658668.367439,,0.000000,,,,,-8.319999,,,-7.439892,-8.319999,,"",,,,,"D1 PROFILE",,
"64403500000321","Nodes","321",21.000000,43.060252,"DDS demands","Known Flow",280226.831394,658626.925082,,0.000000,,,,,-8.979999,,,-8.030076,-8.979999,,"",,,,,"D1 PROFILE",,
"64403500010169","Nodes","10169",21.000000,39.363588,"Default Known Flow Node","Known Flow",280514.508711,658514.519302,,0.000000,,,,,,,,0.000000,0.000000,,"",,,,,,,
"64403500000236","Nodes","236",21.000000,38.991764,"DDS demands","Known Flow",280557.353498,658325.245346,,0.000000,,,,,-4.039999,,,-3.612640,-4.039999,,"",,,,,"D1 PROFILE",,
"64403500010156","Nodes","10156",21.000000,37.870934,"DDS demands","Known Flow",279670.810319,658183.799749,,0.000000,,,,,-6.399999,,,-5.722994,-6.399999,,"",,,,,"D1 PROFILE",,
"64403500010355","Nodes","10355",21.000000,39.010303,"DDS demands","Known Flow",279849.290305,658112.906288,,0.000000,,,,,-4.790000,,,-4.283303,-4.790000,,"",,,,,"D1 PROFILE",,
"64403500010365","Nodes","10365",21.000000,38.485347,"Default Known Flow Node","Known Flow",279774.018093,658142.661936,,0.000000,,,,,,,,0.000000,0.000000,,"",,,,,,,
"64403500010367","Nodes","10367",21.000000,38.385989,"Default Known Flow Node","Known Flow",279753.796971,658150.880531,,0.000000,,,,,,,,0.000000,0.000000,,"",,,,,,,
"64403500000044","Nodes","44",21.000000,37.962845,"DDS demands","Known Flow",279683.248047,658182.931253,,0.000000,,,,,-6.320000,,,-5.651457,-6.320000,,"",,,,,"D1 PROFILE",,
"64403500010153","Nodes","10153",21.000000,37.826374,"Default Known Flow Node","Known Flow",279679.542259,658178.003306,,0.000000,,,,,,,,0.000000,0.000000,,"",,,,,,,
"64403500010333","Nodes","10333",21.000000,33.543988,"Default Known Flow Node","Known Flow",279786.591288,658037.316267,,0.000000,,,,,,,,0.000000,0.000000,,"",,,,,,,
"64403500010336","Nodes","10336",21.000000,33.543988,"Default Known Flow Node","Known Flow",279789.086289,658042.636269,,0.000000,,,,,,,,0.000000,0.000000,,"",,,,,,,
"64403500010166","Nodes","10166",21.000000,37.451525,"DDS demands","Known Flow",279741.720276,658123.967291,,0.000000,,,,,-4.559999,,,-4.077633,-4.559999,,"",,,,,"D1 PROFILE",,
"64403500010257","Nodes","10257",21.000000,37.616188,"DDS demands","Known Flow",279566.022405,658266.046269,,0.000000,,,,,-9.270000,,,-8.289400,-9.270000,,"",,,,,"D1 PROFILE",,
"64403500010187","Nodes","10187",21.000000,37.865291,"Default Known Flow Node","Known Flow",279680.708952,658178.769104,,0.000000,,,,,,,,0.000000,0.000000,,"",,,,,,,
"64403500010232","Nodes","10232",21.000000,37.935993,"DDS demands","Known Flow",279760.981281,658115.050289,,0.000000,,,,,-3.420000,,,-3.058225,-3.420000,,"",,,,,"D1 PROFILE",,
"64403500010260","Nodes","10260",21.000000,39.002819,"Default Known Flow Node","Known Flow",280554.343497,658302.706340,,0.000000,,,,,,,,0.000000,0.000000,,"",,,,,,,
"64403500010197","Nodes","10197",21.000000,30.935564,"DDS demands","Known Flow",278603.966966,658053.956272,,0.000000,,,,,-10.490000,,,-9.380345,-10.490000,,"",,,,,"D1 PROFILE",,
"64403500010255","Nodes","10255",21.000000,34.443876,"DDS demands","Known Flow",278464.805366,658221.894253,,0.000000,,,,,-6.560000,,,-5.866069,-6.560000,,"",,,,,"D1 PROFILE",,
"64403500001002","Nodes","95432/01 - GUC1740, Biggar Road, 46.43",25.000000,38.061146,"CSEP DDS Matched","Known Flow",279972.486339,659063.983547,,0.000000,,,,,,-46.400002,,-41.491712,-46.400002,,"",,,,,,"DC PROFILE",
"64403500010298","Nodes","10298",21.000000,39.010303,"Default Known Flow Node","Known Flow",279874.836312,658122.286291,,0.000000,,,,,,,,0.000000,0.000000,,"",,,,,,,
"64403500009859","Nodes","9859",21.000000,28.499472,"Default Known Flow Node","Known Flow",279811.937127,657788.981768,,0.000000,,,,,,,,0.000000,0.000000,,"",,,,,,,
"64403500009882","Nodes","9882",21.000000,30.394755,"Default Known Flow Node","Known Flow",279836.389302,657906.862232,,0.000000,,,,,,,,0.000000,0.000000,,"",,,,,,,
"64403500009886","Nodes","9886",21.000000,39.291757,"Default Known Flow Node","Known Flow",279894.717318,658095.777283,,0.000000,,,,,,,,0.000000,0.000000,,"",,,,,,,
"64403500009892","Nodes","9892",21.000000,41.452578,"Default Known Flow Node","Known Flow",279988.749609,658010.576755,,0.000000,,,,,,,,0.000000,0.000000,,"",,,,,,,
"64403500009895","Nodes","9895",21.000000,39.291757,"Default Known Flow Node","Known Flow",279891.636317,658088.592281,,0.000000,,,,,,,,0.000000,0.000000,,"",,,,,,,
"64403500009907","Nodes","9907",21.000000,34.895570,"Default Known Flow Node","Known Flow",279768.528115,657858.193853,,0.000000,,,,,,,,0.000000,0.000000,,"",,,,,,,
"64403500009901","Nodes","9901",21.000000,30.270009,"Default Known Flow Node","Known Flow",279837.419302,657881.856225,,0.000000,,,,,,,,0.000000,0.000000,,"",,,,,,,
"64403500009910","Nodes","9910",21.000000,29.779206,"DDS demands","Known Flow",279632.576246,658052.951272,,0.000000,,,,,-4.860000,,,-4.345898,-4.860000,,"",,,,,"D1 PROFILE",,
"64403500009911","Nodes","9911",21.000000,30.281791,"DDS demands","Known Flow",279632.859246,658042.731269,,0.000000,,,,,-4.349999,,,-3.889847,-4.349999,,"",,,,,"D1 PROFILE",,
"64403500009915","Nodes","9915",21.000000,31.515031,"Default Known Flow Node","Known Flow",279623.466445,658008.002314,,0.000000,,,,,,,,0.000000,0.000000,,"",,,,,,,
"64403500009964","Nodes","9964",21.000000,37.952497,"DDS demands","Known Flow",279793.440290,658970.206589,,0.000000,,,,,-5.590000,,,-4.998678,-5.590000,,"",,,,,"D1 PROFILE",,
"64403500010020","Nodes","10020",21.000000,38.124549,"Default Known Flow Node","Known Flow",279954.434758,659096.207518,,0.000000,,,,,,,,0.000000,0.000000,,"",,,,,,,
"64403500000234","Nodes","234",21.000000,33.388158,"DDS demands","Known Flow",279804.724851,657907.485403,,0.000000,,,,,-12.510000,,,-11.186666,-12.510000,,"",,,,,"D1 PROFILE",,
"64403500000204","Nodes","204",21.000000,31.815387,"DDS demands","Known Flow",281352.371743,658304.174094,,0.000000,,,,,-13.480000,,,-12.054057,-13.480000,,"",,,,,"D1 PROFILE",,
"64403500000324","Nodes","324",21.000000,30.125708,"Default Known Flow Node","Known Flow",279825.460998,657906.506316,,0.000000,,,,,,,,0.000000,0.000000,,"",,,,,,,
"64403500000072","Nodes","72",21.000000,35.049565,"DDS demands","Known Flow",281069.520465,658347.789846,,0.000000,,,,,-6.730000,,,-6.018086,-6.730000,,"",,,,,"D1 PROFILE",,
"64403500001004","Nodes","1004",21.000000,38.019064,"DDS demands","Known Flow",278381.841906,658230.331320,,0.000000,,,,,-19.929999,,,-17.821762,-19.929999,,"",,,,,"D1 PROFILE",,
"64403500000187","Nodes","187",21.000000,27.507345,"DDS demands","Known Flow",279878.363313,657739.810187,,0.000000,,,,,-13.359999,,,-11.946751,-13.359999,,"",,,,,"D1 PROFILE",,
"64403500009758","Nodes","P12128625 - N9000926, Wishaw High St, 91.48",25.000000,41.323339,"CSEP DDS Matched","Known Flow",279998.943346,657998.912257,,0.000000,,,,,,-91.480007,,-81.803062,-91.480007,,"",,,,,,"DC PROFILE",
"64403500000090","Nodes","90",21.000000,41.894779,"Default Known Flow Node","Known Flow",280003.173347,658010.149260,,0.000000,,,,,,,,0.000000,0.000000,,"",,,,,,,
"64403500000318","Nodes","P06110737 - 1020597, Omoa Road CSEP, 25.2",22.999998,39.148430,"CSEP DDS Matched","Known Flow",279870.569663,658098.954177,,0.000000,,,,,,-25.200000,,-22.534292,-25.200000,,"",,,,,,"DC PROFILE",
"64403500000055","Nodes","55",21.000000,35.893380,"DDS demands","Known Flow",279859.539308,657988.821254,,0.000000,,,,,-9.460000,,,-8.459301,-9.460000,,"",,,,,"D1 PROFILE",,
"64403500000354","Nodes","354",21.000000,34.309174,"Default Known Flow Node","Known Flow",281165.127663,658332.095348,,0.000000,,,,,,,,0.000000,0.000000,,"",,,,,,,
"64403500000203","Nodes","203",21.000000,32.104051,"DDS demands","Known Flow",281341.507711,658262.788329,,0.000000,,,,,-9.489999,,,-8.486127,-9.489999,,"",,,,,"D1 PROFILE",,
"64403500000198","Nodes","198",21.000000,32.110337,"DDS demands","Known Flow",281379.385722,658252.699326,,0.000000,,,,,-6.380000,,,-5.705110,-6.380000,,"",,,,,"D1 PROFILE",,
"64403500000199","Nodes","199",21.000000,31.994798,"DDS demands","Known Flow",281508.531757,658244.759324,,0.000000,,,,,-3.559999,,,-3.183415,-3.559999,,"",,,,,"D1 PROFILE",,
"64403500011370","Nodes","11370",21.000000,31.439655,"Default Known Flow Node","Known Flow",279533.591118,658163.424158,,0.000000,,,,,,,,0.000000,0.000000,,"",,,,,,,
"64403500000067","Nodes","67",21.000000,30.152879,"DDS demands","Known Flow",279552.347224,658177.577306,,0.000000,,-33.220001,,,,,,-29.705919,-33.220001,,"",,"C2 PROFILE",,,,,
"64403500009814","Nodes","9814",21.000000,26.948993,"DDS demands","Known Flow",279724.251368,657781.832291,,0.000000,,,,,,,-6.000000,-5.365307,-6.000000,,"",,,,,,,"I2 PROFILE"
"64403500000001","Nodes","1",21.000000,30.744270,"DDS demands","Known Flow",279750.708681,657822.486881,,0.000000,,,-4.780000,,,,,-4.274362,-4.780000,,"",,,"C4 PROFILE",,,,
"64403500009779","Nodes","9779",21.000000,29.274732,"DDS demands","Known Flow",278623.591972,657937.581240,,0.000000,,,,,-11.400000,,,-10.194084,-11.400000,,"",,,,,"D1 PROFILE",,
"64403500009760","Nodes","9760",21.000000,41.224027,"DDS demands","Known Flow",278397.475157,657960.561077,,0.000000,,,,,-9.079999,,,-8.119498,-9.079999,,"",,,,,"D1 PROFILE",,
"64403500009815","Nodes","9815",21.000000,25.355280,"DDS demands","Known Flow",279662.189254,657713.033179,,0.000000,,,,,-4.099999,,,-3.666293,-4.099999,,"",,,,,"D1 PROFILE",,
"64403500009818","Nodes","9818",21.000000,31.445994,"DDS demands","Known Flow",279518.238215,658152.376299,,0.000000,,,,,-4.500000,,,-4.023980,-4.500000,,"",,,,,"D1 PROFILE",,
"64403500009908","Nodes","9908",21.000000,38.639042,"DDS demands","Known Flow",279805.338517,658131.273533,,0.000000,-6.000000,,,,,,,-5.365307,-6.000000,,"","C1 PROFILE",,,,,,
"64403500009852","Nodes","9852",21.000000,44.107093,"DDS demands","Known Flow",280258.920769,658579.500003,,0.000000,,,,,-2.740000,,,-2.450157,-2.740000,,"",,,,,"D1 PROFILE",,
"64403500010124","Nodes","10124",21.000000,36.585806,"DDS demands","Known Flow",280556.382498,658374.670359,,0.000000,-15.999999,,,,,,,-14.307486,-15.999999,,"","C1 PROFILE",,,,,,
"64403500010135","Nodes","10135",21.000000,38.172377,"DDS demands","Known Flow",280848.217454,658364.492081,,0.000000,,,,,-3.769999,,,-3.371201,-3.769999,,"",,,,,"D1 PROFILE",,
"64403510000024","Nodes","10000024",21.000000,30.298612,"DDS demands","Known Flow",278544.598846,657973.593944,,0.000000,,,,,-9.560000,,,-8.548724,-9.560000,,"",,,,,"D1 PROFILE",,
"64403501462571","Nodes","1462571",21.000000,34.255663,"DDS demands","Known Flow",280980.702994,658559.186202,,0.000000,,,,,-3.729999,,,-3.335432,-3.729999,,"",,,,,"D1 PROFILE",,
"64403510000312","Nodes","10000312",21.000000,41.327749,"DDS demands","Known Flow",280164.484339,658731.252026,,0.000000,-5.150000,,,,,,,-4.605222,-5.150000,,"","C1 PROFILE",,,,,,
"64403500000010","Nodes","10",21.000000,37.895452,"Default Known Flow Node","Known Flow",279729.338929,658911.205121,,0.000000,,,,,,,,0.000000,0.000000,,"",,,,,,,
"64403500000009","Nodes","9",21.000000,37.931448,"Default Known Flow Node","Known Flow",279755.076510,658912.798191,,0.000000,,,,,,,,0.000000,0.000000,,"",,,,,,,
"64403500000012","Nodes","12",21.000000,37.931164,"Default Known Flow Node","Known Flow",279757.496655,658861.237407,,0.000000,,,,,,,,0.000000,0.000000,,"",,,,,,,
"64403500000003","Nodes","P10123732 - ENER2879, CARLISLE ROAD,  94.62",24.000000,31.998942,"CSEP DDS Matched","Known Flow",281247.634614,658290.151020,,0.000000,,,,0.000000,,-6.375999,,-5.701532,-6.375999,,"",,,,"CT PROFILE",,"DC PROFILE",
"64403500011376","Nodes","11376",21.000000,40.137294,"DDS demands","Known Flow",278418.715401,658153.250490,,0.000000,,,,,-16.419999,,,-14.683058,-16.419999,,"",,,,,"D1 PROFILE",,
"64403500011379","Nodes","11379",21.000000,47.320435,"Default Known Flow Node","Known Flow",278374.341904,658073.956277,,0.000000,,,,,,,,0.000000,0.000000,,"",,,,,,,
"64403500011399","Nodes","11399",21.000000,39.756112,"Default Known Flow Node","Known Flow",279941.932330,658063.763275,,0.000000,,,,,,,,0.000000,0.000000,,"",,,,,,,
"64403500011402","Nodes","11402",21.000000,38.479692,"Default Known Flow Node","Known Flow",279772.800284,658142.834296,,0.000000,,,,,,,,0.000000,0.000000,,"",,,,,,,
"64403500011406","Nodes","11406",21.000000,33.665262,"Default Known Flow Node","Known Flow",279786.339288,658028.418265,,0.000000,,,,,,,,0.000000,0.000000,,"",,,,,,,
"64403500011407","Nodes","11407",21.000000,33.543988,"Default Known Flow Node","Known Flow",279789.510289,658035.554267,,0.000000,,,,,,,,0.000000,0.000000,,"",,,,,,,
"64403500011408","Nodes","11408",21.000000,41.418378,"Default Known Flow Node","Known Flow",279987.770343,658009.370260,,0.000000,,,,,,,,0.000000,0.000000,,"",,,,,,,
"64403500011409","Nodes","11409",21.000000,40.448234,"Default Known Flow Node","Known Flow",279933.977328,658056.776273,,0.000000,,,,,,,,0.000000,0.000000,,"",,,,,,,
"64403500011412","Nodes","11412",21.000000,32.822733,"Default Known Flow Node","Known Flow",279585.438233,658136.457294,,0.000000,,,,,,,,0.000000,0.000000,,"",,,,,,,
"64403500011414","Nodes","11414",21.000000,31.299672,"Default Known Flow Node","Known Flow",279504.297211,658211.712315,,0.000000,,,,,,,,0.000000,0.000000,,"",,,,,,,
"64403500011416","Nodes","11416",21.000000,39.823888,"Default Known Flow Node","Known Flow",279998.715346,658121.845290,,0.000000,,,,,,,,0.000000,0.000000,,"",,,,,,,
"64403500011465","Nodes","11465",21.000000,39.847321,"Default Known Flow Node","Known Flow",280005.942348,658129.221292,,0.000000,,,,,,,,0.000000,0.000000,,"",,,,,,,
"64403500011427","Nodes","11427",21.000000,41.323339,"Default Known Flow Node","Known Flow",280006.224348,657992.561255,,0.000000,,,,,,,,0.000000,0.000000,,"",,,,,,,
"64403500011428","Nodes","11428",21.000000,40.448234,"Default Known Flow Node","Known Flow",279930.949327,658053.809272,,0.000000,,,,,,,,0.000000,0.000000,,"",,,,,,,
"64403500011429","Nodes","11429",21.000000,31.591628,"Default Known Flow Node","Known Flow",279834.011301,657932.638239,,0.000000,,,,,,,,0.000000,0.000000,,"",,,,,,,
"64403500011433","Nodes","11433",21.000000,31.527997,"Default Known Flow Node","Known Flow",279622.147243,658007.988260,,0.000000,,,,,,,,0.000000,0.000000,,"",,,,,,,
"64403500011434","Nodes","11434",21.000000,31.347666,"Default Known Flow Node","Known Flow",279523.373216,658174.514305,,0.000000,,,,,,,,0.000000,0.000000,,"",,,,,,,
"64403500011484","Nodes","11484",21.000000,31.503607,"Default Known Flow Node","Known Flow",279532.625219,658162.695302,,0.000000,,,,,,,,0.000000,0.000000,,"",,,,,,,
"64403500011436","Nodes","11436",21.000000,28.244611,"Default Known Flow Node","Known Flow",279775.456285,657860.359219,,0.000000,,,,,,,,0.000000,0.000000,,"",,,,,,,
"64403500011437","Nodes","11437",21.000000,28.244611,"Default Known Flow Node","Known Flow",279781.040287,657856.138218,,0.000000,,,,,,,,0.000000,0.000000,,"",,,,,,,
"64403500011438","Nodes","11438",21.000000,33.728710,"Default Known Flow Node","Known Flow",279594.949236,658100.306285,,0.000000,,,,,,,,0.000000,0.000000,,"",,,,,,,
"64403500011439","Nodes","11439",21.000000,31.401600,"Default Known Flow Node","Known Flow",279642.128249,657999.228257,,0.000000,,,,,,,,0.000000,0.000000,,"",,,,,,,
"64403500011444","Nodes","11444",21.000000,31.299672,"Default Known Flow Node","Known Flow",279519.448215,658223.600318,,0.000000,,,,,,,,0.000000,0.000000,,"",,,,,,,
"64403500011445","Nodes","11445",21.000000,31.387995,"Default Known Flow Node","Known Flow",279528.797218,658212.567315,,0.000000,,,,,,,,0.000000,0.000000,,"",,,,,,,
"64403500011446","Nodes","11446",21.000000,37.959163,"Default Known Flow Node","Known Flow",279682.384260,658183.214307,,0.000000,,,,,,,,0.000000,0.000000,,"",,,,,,,
"64403500011448","Nodes","11448",21.000000,34.151565,"Default Known Flow Node","Known Flow",279620.961243,658095.382283,,0.000000,,,,,,,,0.000000,0.000000,,"",,,,,,,
"64403500011450","Nodes","11450",21.000000,28.492477,"Default Known Flow Node","Known Flow",279811.458295,657788.335200,,0.000000,,,,,,,,0.000000,0.000000,,"",,,,,,,
"64403500011441","Nodes","11441",21.000000,38.966601,"Default Known Flow Node","Known Flow",279883.095314,658170.485304,,0.000000,,,,,,,,0.000000,0.000000,,"",,,,,,,
"64403500011525","Nodes","11525",21.000000,39.438132,"Default Known Flow Node","Known Flow",279960.987336,658140.079295,,0.000000,,,,,,,,0.000000,0.000000,,"",,,,,,,
"64403500011462","Nodes","11462",21.000000,40.198596,"Default Known Flow Node","Known Flow",279935.241532,658057.747186,,0.000000,,,,,,,,0.000000,0.000000,,"",,,,,,,
"64403500011528","Nodes","11528",21.000000,35.893996,"Default Known Flow Node","Known Flow",279861.782345,657987.266837,,0.000000,,,,,,,,0.000000,0.000000,,"",,,,,,,
"64403500011417","Nodes","11417",21.000000,39.899771,"Default Known Flow Node","Known Flow",280037.446356,658157.526300,,0.000000,,,,,,,,0.000000,0.000000,,"",,,,,,,
"64403500011451","Nodes","11451",21.000000,29.360913,"Default Known Flow Node","Known Flow",279869.632311,657857.105218,,0.000000,,,,,,,,0.000000,0.000000,,"",,,,,,,
"64403500011468","Nodes","11468",21.000000,31.108909,"Default Known Flow Node","Known Flow",279675.421445,657990.731958,,0.000000,,,,,,,,0.000000,0.000000,,"",,,,,,,
"64403500011470","Nodes","11470",21.000000,34.919024,"Default Known Flow Node","Known Flow",279771.538284,657862.338220,,0.000000,,,,,,,,0.000000,0.000000,,"",,,,,,,
"64403500011478","Nodes","11478",21.000000,39.765646,"Default Known Flow Node","Known Flow",279939.895330,658094.515283,,0.000000,,,,,,,,0.000000,0.000000,,"",,,,,,,
"64403500011480","Nodes","11480",21.000000,34.843017,"Default Known Flow Node","Known Flow",279766.102283,657857.974219,,0.000000,,,,,,,,0.000000,0.000000,,"",,,,,,,
"64403500011482","Nodes","11482",21.000000,32.632040,"Default Known Flow Node","Known Flow",279555.883225,658102.654285,,0.000000,,,,,,,,0.000000,0.000000,,"",,,,,,,
"64403500011518","Nodes","11518",21.000000,31.647769,"Default Known Flow Node","Known Flow",279538.043025,658155.617548,,0.000000,,,,,,,,0.000000,0.000000,,"",,,,,,,
"64403500011487","Nodes","11487",21.000000,34.843017,"Default Known Flow Node","Known Flow",279764.949282,657856.447218,,0.000000,,,,,,,,0.000000,0.000000,,"",,,,,,,
"64403500011498","Nodes","11498",21.000000,39.291757,"Default Known Flow Node","Known Flow",279903.267320,658112.984288,,0.000000,,,,,,,,0.000000,0.000000,,"",,,,,,,
"64403500011500","Nodes","11500",21.000000,26.909459,"Default Known Flow Node","Known Flow",279723.902057,657781.296557,,0.000000,,,,,,,,0.000000,0.000000,,"",,,,,,,
"64403500011481","Nodes","11481",21.000000,26.784209,"Default Known Flow Node","Known Flow",279718.538270,657773.070196,,0.000000,,,,,,,,0.000000,0.000000,,"",,,,,,,
"64403500011499","Nodes","11499",21.000000,26.792683,"Default Known Flow Node","Known Flow",279720.689270,657783.942199,,0.000000,,,,,,,,0.000000,0.000000,,"",,,,,,,
"64403500011505","Nodes","11505",21.000000,38.379225,"Default Known Flow Node","Known Flow",279752.568279,658151.768299,,0.000000,,,,,,,,0.000000,0.000000,,"",,,,,,,
"64403500011507","Nodes","11507",21.000000,35.993428,"Default Known Flow Node","Known Flow",279866.907310,657983.715253,,0.000000,,,,,,,,0.000000,0.000000,,"",,,,,,,
"64403500011471","Nodes","11471",21.000000,35.384370,"Default Known Flow Node","Known Flow",279821.051297,657903.336231,,0.000000,,,,,,,,0.000000,0.000000,,"",,,,,,,
"64403500011508","Nodes","11508",21.000000,32.788174,"Default Known Flow Node","Known Flow",279571.284230,658115.218289,,0.000000,,,,,,,,0.000000,0.000000,,"",,,,,,,
"64403500011519","Nodes","11519",21.000000,33.543988,"Default Known Flow Node","Known Flow",279794.198290,658055.219272,,0.000000,,,,,,,,0.000000,0.000000,,"",,,,,,,
"64403500011521","Nodes","11521",21.000000,37.733965,"Default Known Flow Node","Known Flow",279600.584117,658226.801900,,0.000000,,,,,,,,0.000000,0.000000,,"",,,,,,,
"64403500011522","Nodes","11522",21.000000,37.777683,"Default Known Flow Node","Known Flow",279583.401233,658211.586315,,0.000000,,,,,,,,0.000000,0.000000,,"",,,,,,,
"64403500011524","Nodes","11524",21.000000,42.000001,"Default Known Flow Node","Known Flow",280005.681348,658014.364261,,0.000000,,,,,,,,0.000000,0.000000,,"",,,,,,,
"64403500011488","Nodes","11488",21.000000,33.113948,"Default Known Flow Node","Known Flow",279831.639300,657942.974242,,0.000000,,,,,,,,0.000000,0.000000,,"",,,,,,,
"64403500011501","Nodes","11501",21.000000,33.106741,"Default Known Flow Node","Known Flow",279835.020301,657947.262243,,0.000000,,,,,,,,0.000000,0.000000,,"",,,,,,,
"64403500011530","Nodes","11530",21.000000,26.934044,"Default Known Flow Node","Known Flow",279746.622126,657820.844176,,0.000000,,,,,,,,0.000000,0.000000,,"",,,,,,,
"64403500011532","Nodes","11532",21.000000,37.901119,"Default Known Flow Node","Known Flow",279731.351273,658907.655504,,0.000000,,,,,,,,0.000000,0.000000,,"",,,,,,,
"64403500011570","Nodes","11570",21.000000,37.813223,"Default Known Flow Node","Known Flow",279722.386271,658902.944503,,0.000000,,,,,,,,0.000000,0.000000,,"",,,,,,,
"64403500011534","Nodes","11534",21.000000,39.793863,"Default Known Flow Node","Known Flow",280043.090358,658764.340465,,0.000000,,,,,,,,0.000000,0.000000,,"",,,,,,,
"64403500011567","Nodes","11567",21.000000,39.793863,"Default Known Flow Node","Known Flow",280043.958358,658762.741465,,0.000000,,,,,,,,0.000000,0.000000,,"",,,,,,,
"64403500011536","Nodes","11536",21.000000,38.016816,"Default Known Flow Node","Known Flow",279781.109287,658829.658483,,0.000000,,,,,,,,0.000000,0.000000,,"",,,,,,,
"64403500011537","Nodes","11537",21.000000,38.016816,"Default Known Flow Node","Known Flow",279809.079294,658833.539484,,0.000000,,,,,,,,0.000000,0.000000,,"",,,,,,,
"64403500011540","Nodes","11540",21.000000,38.240103,"Default Known Flow Node","Known Flow",279865.791310,658764.897465,,0.000000,,,,,,,,0.000000,0.000000,,"",,,,,,,
"64403500011542","Nodes","11542",21.000000,38.259689,"Default Known Flow Node","Known Flow",279868.306608,658764.512469,,0.000000,,,,,,,,0.000000,0.000000,,"",,,,,,,
"64403500011543","Nodes","11543",21.000000,38.259689,"Default Known Flow Node","Known Flow",279892.304317,658739.548459,,0.000000,,,,,,,,0.000000,0.000000,,"",,,,,,,
"64403500011545","Nodes","11545",21.000000,37.975400,"Default Known Flow Node","Known Flow",279745.840277,658930.541511,,0.000000,,,,,,,,0.000000,0.000000,,"",,,,,,,
"64403500011547","Nodes","11547",21.000000,37.854097,"Default Known Flow Node","Known Flow",279746.422277,658848.019488,,0.000000,,,,,,,,0.000000,0.000000,,"",,,,,,,
"64403500011548","Nodes","11548",21.000000,37.766213,"Default Known Flow Node","Known Flow",279766.232283,658819.378480,,0.000000,,,,,,,,0.000000,0.000000,,"",,,,,,,
"64403500011549","Nodes","11549",21.000000,40.538312,"Default Known Flow Node","Known Flow",280078.847368,658684.277444,,0.000000,,,,,,,,0.000000,0.000000,,"",,,,,,,
"64403500011553","Nodes","11553",21.000000,39.676583,"Default Known Flow Node","Known Flow",280043.539358,658803.217476,,0.000000,,,,,,,,0.000000,0.000000,,"",,,,,,,
"64403500011555","Nodes","11555",21.000000,40.427250,"Default Known Flow Node","Known Flow",280048.887359,658633.699430,,0.000000,,,,,,,,0.000000,0.000000,,"",,,,,,,
"64403500011558","Nodes","11558",21.000000,38.040553,"Default Known Flow Node","Known Flow",279809.251294,658776.898469,,0.000000,,,,,,,,0.000000,0.000000,,"",,,,,,,
"64403500011560","Nodes","11560",21.000000,39.717231,"Default Known Flow Node","Known Flow",280053.556361,658733.747457,,0.000000,,,,,,,,0.000000,0.000000,,"",,,,,,,
"64403500011564","Nodes","11564",21.000000,39.212733,"Default Known Flow Node","Known Flow",279992.209344,658764.928465,,0.000000,,,,,,,,0.000000,0.000000,,"",,,,,,,
"64403500011565","Nodes","11565",21.000000,39.256574,"Default Known Flow Node","Known Flow",280006.008348,658796.949474,,0.000000,,,,,,,,0.000000,0.000000,,"",,,,,,,
"64403500011568","Nodes","11568",21.000000,38.126612,"Default Known Flow Node","Known Flow",279847.299305,658946.270515,,0.000000,,,,,,,,0.000000,0.000000,,"",,,,,,,
"64403500011533","Nodes","11533",21.000000,37.813223,"Default Known Flow Node","Known Flow",279719.408270,658895.446501,,0.000000,,,,,,,,0.000000,0.000000,,"",,,,,,,
"64403500011571","Nodes","11571",21.000000,37.813223,"Default Known Flow Node","Known Flow",279707.981267,658908.363505,,0.000000,,,,,,,,0.000000,0.000000,,"",,,,,,,
"64403500011572","Nodes","11572",21.000000,35.531699,"Default Known Flow Node","Known Flow",279966.970337,658809.864478,,0.000000,,,,,,,,0.000000,0.000000,,"",,,,,,,
"64403500011585","Nodes","11585",21.000000,37.904772,"Default Known Flow Node","Known Flow",279731.863273,658942.435514,,0.000000,,,,,,,,0.000000,0.000000,,"",,,,,,,
"64403500011590","Nodes","11590",21.000000,37.945301,"Default Known Flow Node","Known Flow",279762.337282,658855.810490,,0.000000,,,,,,,,0.000000,0.000000,,"",,,,,,,
"64403500011592","Nodes","11592",21.000000,37.964555,"Default Known Flow Node","Known Flow",279783.434287,658799.242475,,0.000000,,,,,,,,0.000000,0.000000,,"",,,,,,,
"64403500011593","Nodes","11593",21.000000,37.964555,"Default Known Flow Node","Known Flow",279808.472294,658798.630475,,0.000000,,,,,,,,0.000000,0.000000,,"",,,,,,,
"64403500011604","Nodes","11604",21.000000,37.936679,"Default Known Flow Node","Known Flow",279743.562379,658885.145508,,0.000000,,,,,,,,0.000000,0.000000,,"",,,,,,,
"64403500011603","Nodes","11603",21.000000,37.936679,"Default Known Flow Node","Known Flow",279776.167285,658874.471495,,0.000000,,,,,,,,0.000000,0.000000,,"",,,,,,,
"64403500011605","Nodes","11605",21.000000,38.030374,"Default Known Flow Node","Known Flow",279826.632299,658785.805471,,0.000000,,,,,,,,0.000000,0.000000,,"",,,,,,,
"64403500011608","Nodes","11608",21.000000,37.957260,"Default Known Flow Node","Known Flow",279801.749292,658803.861476,,0.000000,,,,,,,,0.000000,0.000000,,"",,,,,,,
"64403500011589","Nodes","11589",21.000000,35.617449,"Default Known Flow Node","Known Flow",279919.568324,658807.373477,,0.000000,,,,,,,,0.000000,0.000000,,"",,,,,,,
"64403500011577","Nodes","11577",21.000000,37.941389,"Default Known Flow Node","Known Flow",279760.212281,658856.595490,,0.000000,,,,,,,,0.000000,0.000000,,"",,,,,,,
"64403500011607","Nodes","11607",21.000000,40.568777,"Default Known Flow Node","Known Flow",280124.459380,658784.043471,,0.000000,,,,,,,,0.000000,0.000000,,"",,,,,,,
"64403500011575","Nodes","11575",21.000000,39.217340,"DDS demands","Known Flow",279992.524163,658883.347038,,0.000000,,,,,-19.080000,,,-17.061678,-19.080000,,"",,,,,"D1 PROFILE",,
"64403500011614","Nodes","11614",21.000000,35.886135,"Default Known Flow Node","Known Flow",279806.698294,658882.075497,,0.000000,,,,,,,,0.000000,0.000000,,"",,,,,,,
"64403500011617","Nodes","11617",21.000000,37.767746,"Default Known Flow Node","Known Flow",279728.262272,659006.030531,,0.000000,,,,,,,,0.000000,0.000000,,"",,,,,,,
"64403500011618","Nodes","11618",21.000000,37.811719,"Default Known Flow Node","Known Flow",279749.545278,659033.502539,,0.000000,,,,,,,,0.000000,0.000000,,"",,,,,,,
"64403500011620","Nodes","11620",21.000000,37.582477,"Default Known Flow Node","Known Flow",279803.155293,659085.992553,,0.000000,,,,,,,,0.000000,0.000000,,"",,,,,,,
"64403500011622","Nodes","11622",21.000000,37.560507,"Default Known Flow Node","Known Flow",279855.356307,659089.666554,,0.000000,,,,,,,,0.000000,0.000000,,"",,,,,,,
"64403500011623","Nodes","11623",21.000000,38.189136,"Default Known Flow Node","Known Flow",279964.740337,659059.989546,,0.000000,,,,,,,,0.000000,0.000000,,"",,,,,,,
"64403500011661","Nodes","11661",21.000000,38.190763,"DDS demands","Known Flow",279965.585479,659058.050071,,0.000000,,,,,-5.010000,,,-4.480031,-5.010000,,"",,,,,"D1 PROFILE",,
"64403500011625","Nodes","11625",21.000000,37.623487,"Default Known Flow Node","Known Flow",279820.155297,659168.538575,,0.000000,,,,,,,,0.000000,0.000000,,"",,,,,,,
"64403500011662","Nodes","11662",21.000000,37.620499,"Default Known Flow Node","Known Flow",279815.583271,659168.302064,,0.000000,,,,,,,,0.000000,0.000000,,"",,,,,,,
"64403500011627","Nodes","Logger ID: 10113, 55 Crossgates Avenue, Cleland",21.000000,37.639120,"Val Log Cath","Known Flow",279721.367270,659029.727538,,0.000000,,,,,,,,0.000000,0.000000,,"",,,,,,,
"64403500011628","Nodes","11628",21.000000,37.904780,"Default Known Flow Node","Known Flow",279728.850272,658942.281514,,0.000000,,,,,,,,0.000000,0.000000,,"",,,,,,,
"64403500011655","Nodes","11655",21.000000,37.904780,"Default Known Flow Node","Known Flow",279729.503961,658943.631665,,0.000000,,,,,,,,0.000000,0.000000,,"",,,,,,,
"64403500011633","Nodes","11633",21.000000,37.720165,"Default Known Flow Node","Known Flow",279832.768301,659085.743553,,0.000000,,,,,,,,0.000000,0.000000,,"",,,,,,,
"64403500011634","Nodes","11634",21.000000,38.060962,"Default Known Flow Node","Known Flow",279940.936330,659114.730561,,0.000000,,,,,,,,0.000000,0.000000,,"",,,,,,,
"64403500011635","Nodes","11635",21.000000,38.060962,"Default Known Flow Node","Known Flow",279929.539327,659103.849558,,0.000000,,,,,,,,0.000000,0.000000,,"",,,,,,,
"64403500011636","Nodes","11636",21.000000,38.157081,"Default Known Flow Node","Known Flow",279955.148334,659084.590552,,0.000000,,,,,,,,0.000000,0.000000,,"",,,,,,,
"64403500011637","Nodes","11637",21.000000,38.157081,"Default Known Flow Node","Known Flow",279942.622331,659096.757556,,0.000000,,,,,,,,0.000000,0.000000,,"",,,,,,,
"64403500011640","Nodes","11640",21.000000,37.937686,"Default Known Flow Node","Known Flow",279842.373303,658984.218525,,0.000000,,,,,,,,0.000000,0.000000,,"",,,,,,,
"64403500011641","Nodes","11641",21.000000,37.377343,"Default Known Flow Node","Known Flow",279717.524269,659002.378530,,0.000000,,,,,,,,0.000000,0.000000,,"",,,,,,,
"64403500011642","Nodes","11642",21.000000,37.206881,"DDS demands","Known Flow",279708.589267,659007.163531,,0.000000,,,,,-3.000000,,,-2.682653,-3.000000,,"",,,,,"D1 PROFILE",,
"64403500011643","Nodes","11643",21.000000,37.580303,"Default Known Flow Node","Known Flow",279817.553297,659113.272560,,0.000000,,,,,,,,0.000000,0.000000,,"",,,,,,,
"64403500011644","Nodes","11644",21.000000,37.580303,"Default Known Flow Node","Known Flow",279816.371296,659131.415565,,0.000000,,,,,,,,0.000000,0.000000,,"",,,,,,,
"64403500011645","Nodes","11645",21.000000,37.743060,"Default Known Flow Node","Known Flow",279867.851310,659161.591573,,0.000000,,,,,,,,0.000000,0.000000,,"",,,,,,,
"64403500011646","Nodes","11646",21.000000,37.831087,"Default Known Flow Node","Known Flow",279885.220315,659139.402567,,0.000000,,,,,,,,0.000000,0.000000,,"",,,,,,,
"64403500011647","Nodes","11647",21.000000,37.905085,"Default Known Flow Node","Known Flow",279752.635279,658987.856526,,0.000000,,,,,,,,0.000000,0.000000,,"",,,,,,,
"64403500011648","Nodes","11648",21.000000,37.905549,"DDS demands","Known Flow",279751.785279,658985.780526,,0.000000,,,,,-5.320000,,,-4.757239,-5.320000,,"",,,,,"D1 PROFILE",,
"64403500011651","Nodes","11651",21.000000,37.574443,"Default Known Flow Node","Known Flow",279829.544300,659110.897560,,0.000000,,,,,,,,0.000000,0.000000,,"",,,,,,,
"64403500011652","Nodes","11652",21.000000,37.574443,"Default Known Flow Node","Known Flow",279853.348306,659089.490554,,0.000000,,,,,,,,0.000000,0.000000,,"",,,,,,,
"64403500011653","Nodes","11653",21.000000,38.124549,"Default Known Flow Node","Known Flow",279967.676337,659100.680557,,0.000000,,,,,,,,0.000000,0.000000,,"",,,,,,,
"64403500011654","Nodes","11654",21.000000,38.122067,"Default Known Flow Node","Known Flow",279966.325337,659061.552546,,0.000000,,,,,,,,0.000000,0.000000,,"",,,,,,,
"64403500011657","Nodes","11657",21.000000,37.548676,"Default Known Flow Node","Known Flow",279857.061307,659089.816554,,0.000000,,,,,,,,0.000000,0.000000,,"",,,,,,,
"64403500011658","Nodes","11658",21.000000,37.460624,"Default Known Flow Node","Known Flow",279882.787314,659073.882550,,0.000000,,,,,,,,0.000000,0.000000,,"",,,,,,,
"64403500011663","Nodes","11663",21.000000,37.708510,"Default Known Flow Node","Known Flow",279851.253306,659147.602570,,0.000000,,,,,,,,0.000000,0.000000,,"",,,,,,,
"64403500011668","Nodes","11668",21.000000,39.994600,"Default Known Flow Node","Known Flow",280216.212405,658227.982319,,0.000000,,,,,,,,0.000000,0.000000,,"",,,,,,,
"64403500011671","Nodes","11671",21.000000,39.972039,"Default Known Flow Node","Known Flow",280101.943374,658116.068289,,0.000000,,,,,,,,0.000000,0.000000,,"",,,,,,,
"64403500011681","Nodes","11681",21.000000,39.994600,"Default Known Flow Node","Known Flow",280196.945400,658244.717324,,0.000000,,,,,,,,0.000000,0.000000,,"",,,,,,,
"64403500011689","Nodes","11689",21.000000,39.002819,"Default Known Flow Node","Known Flow",280554.935868,658333.082761,,0.000000,,,,,,,,0.000000,0.000000,,"",,,,,,,
"64403500011690","Nodes","11690",21.000000,40.043866,"Default Known Flow Node","Known Flow",280149.396387,658224.415318,,0.000000,,,,,,,,0.000000,0.000000,,"",,,,,,,
"64403500011693","Nodes","11693",21.000000,41.333350,"Default Known Flow Node","Known Flow",280160.222390,658728.382456,,0.000000,,,,,,,,0.000000,0.000000,,"",,,,,,,
"64403500011696","Nodes","11696",21.000000,36.601566,"Default Known Flow Node","Known Flow",280338.310438,658333.770348,,0.000000,,,,,,,,0.000000,0.000000,,"",,,,,,,
"64403500011699","Nodes","11699",21.000000,40.961568,"Default Known Flow Node","Known Flow",280118.659378,658718.739453,,0.000000,,,,,,,,0.000000,0.000000,,"",,,,,,,
"64403500011702","Nodes","11702",21.000000,47.948977,"Default Known Flow Node","Known Flow",280247.442414,658519.950399,,0.000000,,,,,,,,0.000000,0.000000,,"",,,,,,,
"64403500011703","Nodes","11703",21.000000,47.948977,"Default Known Flow Node","Known Flow",280254.735416,658519.563399,,0.000000,,,,,,,,0.000000,0.000000,,"",,,,,,,
"64403500011704","Nodes","11704",21.000000,47.988162,"Default Known Flow Node","Known Flow",280247.313413,658517.198398,,0.000000,,,,,,,,0.000000,0.000000,,"",,,,,,,
"64403500011706","Nodes","11706",21.000000,40.747371,"Default Known Flow Node","Known Flow",280371.977447,658412.061369,,0.000000,,,,,,,,0.000000,0.000000,,"",,,,,,,
"64403500011714","Nodes","11714",21.000000,40.609992,"Default Known Flow Node","Known Flow",280385.360425,658411.054029,,0.000000,,,,,,,,0.000000,0.000000,,"",,,,,,,
"64403500011708","Nodes","11708",21.000000,41.341491,"Default Known Flow Node","Known Flow",280144.465385,658669.317439,,0.000000,,,,,,,,0.000000,0.000000,,"",,,,,,,
"64403500011712","Nodes","11712",21.000000,40.677755,"Default Known Flow Node","Known Flow",280102.403400,658593.969333,,0.000000,,,,,,,,0.000000,0.000000,,"",,,,,,,
"64403500011715","Nodes","11715",21.000000,40.609992,"Default Known Flow Node","Known Flow",280387.992452,658399.393366,,0.000000,,,,,,,,0.000000,0.000000,,"",,,,,,,
"64403500011716","Nodes","11716",21.000000,40.522815,"Default Known Flow Node","Known Flow",280385.006451,658372.847359,,0.000000,,,,,,,,0.000000,0.000000,,"",,,,,,,
"64403500011717","Nodes","11717",21.000000,40.522815,"Default Known Flow Node","Known Flow",280386.065451,658371.227358,,0.000000,,,,,,,,0.000000,0.000000,,"",,,,,,,
"64403500011720","Nodes","11720",21.000000,40.967822,"Default Known Flow Node","Known Flow",280124.654380,658603.279421,,0.000000,,,,,,,,0.000000,0.000000,,"",,,,,,,
"64403500011705","Nodes","11705",21.000000,47.381779,"Default Known Flow Node","Known Flow",280280.796423,658523.159400,,0.000000,,,,,,,,0.000000,0.000000,,"",,,,,,,
"64403500011723","Nodes","11723",21.000000,41.415090,"Default Known Flow Node","Known Flow",280110.998376,658815.474479,,0.000000,,,,,,,,0.000000,0.000000,,"",,,,,,,
"64403500011725","Nodes","11725",21.000000,39.363588,"Default Known Flow Node","Known Flow",280514.277486,658515.803398,,0.000000,,,,,,,,0.000000,0.000000,,"",,,,,,,
"64403500011727","Nodes","11727",21.000000,36.810666,"Default Known Flow Node","Known Flow",280257.070416,658340.718350,,0.000000,,,,,,,,0.000000,0.000000,,"",,,,,,,
"64403500011700","Nodes","11700",21.000000,40.628366,"Default Known Flow Node","Known Flow",280085.486369,658693.353446,,0.000000,,,,,,,,0.000000,0.000000,,"",,,,,,,
"64403500011729","Nodes","11729",21.000000,40.495679,"Default Known Flow Node","Known Flow",280426.513462,658427.157374,,0.000000,,,,,,,,0.000000,0.000000,,"",,,,,,,
"64403500011731","Nodes","11731",21.000000,39.014770,"Default Known Flow Node","Known Flow",280540.244493,658331.013347,,0.000000,,,,,,,,0.000000,0.000000,,"",,,,,,,
"64403500011732","Nodes","11732",21.000000,39.014770,"Default Known Flow Node","Known Flow",280557.583498,658343.225351,,0.000000,,,,,,,,0.000000,0.000000,,"",,,,,,,
"64403500011733","Nodes","11733",21.000000,39.811394,"Default Known Flow Node","Known Flow",280542.791494,658394.444365,,0.000000,,,,,,,,0.000000,0.000000,,"",,,,,,,
"64403500011734","Nodes","11734",21.000000,40.522815,"Default Known Flow Node","Known Flow",280384.889451,658371.707358,,0.000000,,,,,,,,0.000000,0.000000,,"",,,,,,,
"64403500011692","Nodes","11692",21.000000,41.355456,"Default Known Flow Node","Known Flow",280284.469424,658417.640371,,0.000000,,,,,,,,0.000000,0.000000,,"",,,,,,,
"64403500011743","Nodes","11743",21.000000,39.050088,"Default Known Flow Node","Known Flow",280564.618313,658373.390848,,0.000000,,,,,,,,0.000000,0.000000,,"",,,,,,,
"64403500011744","Nodes","11744",21.000000,39.424587,"Default Known Flow Node","Known Flow",280631.793518,658371.058358,,0.000000,,,,,,,,0.000000,0.000000,,"",,,,,,,
"64403500011745","Nodes","11745",21.000000,39.119034,"Default Known Flow Node","Known Flow",280707.378539,658363.640356,,0.000000,,,,,,,,0.000000,0.000000,,"",,,,,,,
"64403500011747","Nodes","11747",21.000000,41.220899,"Default Known Flow Node","Known Flow",280115.480378,658643.053432,,0.000000,,,,,,,,0.000000,0.000000,,"",,,,,,,
"64403500011749","Nodes","11749",21.000000,40.906906,"Default Known Flow Node","Known Flow",280092.942371,658713.043451,,0.000000,,,,,,,,0.000000,0.000000,,"",,,,,,,
"64403500011752","Nodes","11752",21.000000,40.573046,"Default Known Flow Node","Known Flow",280077.100250,658583.208630,,0.000000,,,,,,,,0.000000,0.000000,,"",,,,,,,
"64403500011751","Nodes","11751",21.000000,40.529407,"Default Known Flow Node","Known Flow",280087.347370,658560.225410,,0.000000,,,,,,,,0.000000,0.000000,,"",,,,,,,
"64403500011753","Nodes","11753",21.000000,41.075432,"Default Known Flow Node","Known Flow",280324.245434,658415.730370,,0.000000,,,,,,,,0.000000,0.000000,,"",,,,,,,
"64403500011726","Nodes","11726",21.000000,39.363588,"Default Known Flow Node","Known Flow",280522.653488,658490.190391,,0.000000,,,,,,,,0.000000,0.000000,,"",,,,,,,
"64403500011755","Nodes","11755",21.000000,39.276124,"Default Known Flow Node","Known Flow",280553.591497,658533.971403,,0.000000,,,,,,,,0.000000,0.000000,,"",,,,,,,
"64403500011738","Nodes","11738",21.000000,39.738778,"Default Known Flow Node","Known Flow",280561.995499,658389.665363,,0.000000,,,,,,,,0.000000,0.000000,,"",,,,,,,
"64403500011735","Nodes","11735",21.000000,40.103657,"Default Known Flow Node","Known Flow",280494.714481,658400.177366,,0.000000,,,,,,,,0.000000,0.000000,,"",,,,,,,
"64403500011761","Nodes","11761",21.000000,33.273774,"Default Known Flow Node","Known Flow",281186.537669,658327.351346,,0.000000,,,,,,,,0.000000,0.000000,,"",,,,,,,
"64403500011768","Nodes","11768",21.000000,32.450096,"Default Known Flow Node","Known Flow",281200.494536,658320.764138,,0.000000,,,,,,,,0.000000,0.000000,,"",,,,,,,
"64403500011763","Nodes","11763",21.000000,38.827796,"Default Known Flow Node","Known Flow",280797.532563,658360.251355,,0.000000,,,,,,,,0.000000,0.000000,,"",,,,,,,
"64403500011766","Nodes","11766",21.000000,31.931954,"Default Known Flow Node","Known Flow",281269.919692,658271.323331,,0.000000,,,,,,,,0.000000,0.000000,,"",,,,,,,
"64403500011769","Nodes","11769",21.000000,34.799739,"Default Known Flow Node","Known Flow",281096.664645,658379.934361,,0.000000,,,,,,,,0.000000,0.000000,,"",,,,,,,
"64403500011773","Nodes","11773",21.000000,34.641996,"Default Known Flow Node","Known Flow",281124.445652,658368.529358,,0.000000,,,,,,,,0.000000,0.000000,,"",,,,,,,
"64403500011770","Nodes","11770",21.000000,34.793360,"Default Known Flow Node","Known Flow",281103.556646,658358.396355,,0.000000,,,,,,,,0.000000,0.000000,,"",,,,,,,
"64403500011772","Nodes","11772",21.000000,34.289986,"Default Known Flow Node","Known Flow",280999.003618,658529.223401,,0.000000,,,,,,,,0.000000,0.000000,,"",,,,,,,
"64403500011775","Nodes","11775",21.000000,38.838489,"Default Known Flow Node","Known Flow",280795.780563,658361.218356,,0.000000,,,,,,,,0.000000,0.000000,,"",,,,,,,
"64403500011774","Nodes","11774",21.000000,35.101157,"Default Known Flow Node","Known Flow",281069.403637,658344.164351,,0.000000,,,,,,,,0.000000,0.000000,,"",,,,,,,
"64403500011779","Nodes","11779",21.000000,35.145187,"Default Known Flow Node","Known Flow",281075.313639,658342.149350,,0.000000,,,,,,,,0.000000,0.000000,,"",,,,,,,
"64403500011781","Nodes","11781",21.000000,38.834893,"Default Known Flow Node","Known Flow",280804.719565,658367.372357,,0.000000,,,,,,,,0.000000,0.000000,,"",,,,,,,
"64403500011783","Nodes","11783",21.000000,34.309174,"Default Known Flow Node","Known Flow",281166.806332,658331.723390,,0.000000,,,,,,,,0.000000,0.000000,,"",,,,,,,
"64403500011785","Nodes","11785",21.000000,31.726721,"Default Known Flow Node","Known Flow",281316.940705,658316.186343,,0.000000,,,,,,,,0.000000,0.000000,,"",,,,,,,
"64403500011784","Nodes","11784",21.000000,31.815387,"Default Known Flow Node","Known Flow",281352.983714,658306.537341,,0.000000,,,,,,,,0.000000,0.000000,,"",,,,,,,
"64403500011391","Nodes","11391",21.000000,30.519350,"Default Known Flow Node","Known Flow",278520.591944,657920.956236,,0.000000,,,,,,,,0.000000,0.000000,,"",,,,,,,
"64403500011485","Nodes","11485",21.000000,30.197141,"Default Known Flow Node","Known Flow",279560.276227,658167.251303,,0.000000,,,,,,,,0.000000,0.000000,,"",,,,,,,
"64403500011664","Nodes","11664",21.000000,37.423867,"DDS demands","Known Flow",279725.838272,658981.311524,,0.000000,,,,,-0.930000,,,-0.831622,-0.930000,,"",,,,,"D1 PROFILE",,
"64403500011430","Nodes","11430",21.000000,30.090111,"Default Known Flow Node","Known Flow",279824.015298,657906.459232,,0.000000,,,,,,,,0.000000,0.000000,,"",,,,,,,
"64403500011683","Nodes","11683",21.000000,40.017363,"Default Known Flow Node","Known Flow",280146.436386,658161.775301,,0.000000,,,,,,,,0.000000,0.000000,,"",,,,,,,
"64403500011479","Nodes","11479",21.000000,39.765646,"Default Known Flow Node","Known Flow",279955.273334,658077.694278,,0.000000,,,,,,,,0.000000,0.000000,,"",,,,,,,
"64403500011698","Nodes","11698",21.000000,44.796679,"Default Known Flow Node","Known Flow",280278.767422,658555.171408,,0.000000,,,,,,,,0.000000,0.000000,,"",,,,,,,
"64403500011722","Nodes","11722",21.000000,44.796679,"Default Known Flow Node","Known Flow",280278.267422,658557.778409,,0.000000,,,,,,,,0.000000,0.000000,,"",,,,,,,
"64403500011546","Nodes","11546",21.000000,37.931448,"Default Known Flow Node","Known Flow",279741.669276,658888.402499,,0.000000,,,,,,,,0.000000,0.000000,,"",,,,,,,
"64403500011611","Nodes","11611",21.000000,38.853029,"Default Known Flow Node","Known Flow",279947.392332,658736.721458,,0.000000,,,,,,,,0.000000,0.000000,,"",,,,,,,
"64403500011659","Nodes","11659",21.000000,37.905085,"Default Known Flow Node","Known Flow",279754.260279,658987.161526,,0.000000,,,,,,,,0.000000,0.000000,,"",,,,,,,
"64403500011650","Nodes","11650",21.000000,38.124549,"Default Known Flow Node","Known Flow",279950.447333,659094.860555,,0.000000,,,,,,,,0.000000,0.000000,,"",,,,,,,
"64403500011756","Nodes","11756",21.000000,39.751678,"Default Known Flow Node","Known Flow",280558.631498,658390.693364,,0.000000,,,,,,,,0.000000,0.000000,,"",,,,,,,
"64403500011786","Nodes","11786",21.000000,31.859730,"Default Known Flow Node","Known Flow",281382.201722,658302.646340,,0.000000,,,,,,,,0.000000,0.000000,,"",,,,,,,
"64403500011526","Nodes","11526",21.000000,39.438132,"Default Known Flow Node","Known Flow",279962.969336,658137.958295,,0.000000,,,,,,,,0.000000,0.000000,,"",,,,,,,
"64403500011419","Nodes","11419",21.000000,33.663070,"Default Known Flow Node","Known Flow",279789.872289,658026.378265,,0.000000,,,,,,,,0.000000,0.000000,,"",,,,,,,
"64403500011435","Nodes","11435",21.000000,32.666102,"Default Known Flow Node","Known Flow",279567.270228,658117.989289,,0.000000,,,,,,,,0.000000,0.000000,,"",,,,,,,
"64403500011415","Nodes","11415",21.000000,31.387995,"Default Known Flow Node","Known Flow",279528.468218,658231.165320,,0.000000,,,,,,,,0.000000,0.000000,,"",,,,,,,
"64403500011466","Nodes","11466",21.000000,39.803681,"Default Known Flow Node","Known Flow",280056.609362,658066.158275,,0.000000,,,,,,,,0.000000,0.000000,,"",,,,,,,
"64403500011527","Nodes","11527",21.000000,26.764213,"Default Known Flow Node","Known Flow",279715.542269,657768.457194,,0.000000,,,,,,,,0.000000,0.000000,,"",,,,,,,
"64403500011573","Nodes","11573",21.000000,35.487574,"Default Known Flow Node","Known Flow",279924.379326,658806.073477,,0.000000,,,,,,,,0.000000,0.000000,,"",,,,,,,
"64403500011598","Nodes","11598",21.000000,39.168107,"Default Known Flow Node","Known Flow",279960.237335,658739.527459,,0.000000,,,,,,,,0.000000,0.000000,,"",,,,,,,
"64403500011674","Nodes","11674",21.000000,39.972039,"Default Known Flow Node","Known Flow",280081.624368,658133.713294,,0.000000,,,,,,,,0.000000,0.000000,,"",,,,,,,
"64403500011711","Nodes","11711",21.000000,36.601566,"Default Known Flow Node","Known Flow",280338.536438,658335.772349,,0.000000,,,,,,,,0.000000,0.000000,,"",,,,,,,
"64403500011713","Nodes","11713",21.000000,40.677755,"Default Known Flow Node","Known Flow",280105.766375,658586.629417,,0.000000,,,,,,,,0.000000,0.000000,,"",,,,,,,
"64403500011867","Nodes","11867",21.000000,32.278968,"Default Known Flow Node","Known Flow",281262.783396,658282.482104,,0.000000,,,,,,,,0.000000,0.000000,,"",,,,,,,
"64403500011869","Nodes","11869",21.000000,37.826374,"Default Known Flow Node","Known Flow",279679.881989,658179.071674,,0.000000,,,,,,,,0.000000,0.000000,,"",,,,,,,
"64403500101003","Nodes","101003",21.000000,38.593487,"Default Known Flow Node","Known Flow",280831.478587,658309.612353,,0.000000,,,,,,,,0.000000,0.000000,,"",,,,,,,
"64403500001870","Nodes","1870",21.000000,39.054522,"Default Known Flow Node","Known Flow",279854.146029,658107.849339,,0.000000,,,,,,,,0.000000,0.000000,,"",,,,,,,
"64403500001872","Nodes","1872",21.000000,39.996437,"Default Known Flow Node","Known Flow",280068.680365,658874.066495,,0.000000,,,,,,,,0.000000,0.000000,,"",,,,,,,
"64403500001871","Nodes","1871",21.000000,43.665829,"Default Known Flow Node","Known Flow",278437.464921,658082.081280,,0.000000,,,,,,,,0.000000,0.000000,,"",,,,,,,
"64403500000004","Nodes","Logger ID: 9511, 37 Carlisle Road.",21.000000,32.124038,"Val Log Cath","Known Flow",281316.239704,658267.896969,,0.000000,,,,,,,,0.000000,0.000000,,"",,,,,,,
"64403500000007","Nodes",,21.000000,31.976235,"Default Known Flow Node","Known Flow",281250.715982,658288.271425,,0.000000,,,,,,,,0.000000,0.000000,,"",,,,,,,
"64403500000008","Nodes","8",21.000000,37.765325,"Default Known Flow Node","Known Flow",279728.048984,659006.539191,,0.000000,,,,,,,,0.000000,0.000000,,"",,,,,,,
"64403500011873","Nodes",,0.000000,37.798815,"Default Known Flow Node","Known Flow",279628.909759,658198.248382,,0.000000,,,,,,,,0.000000,0.000000,,"",,,,,,,
"64403500011875","Nodes",,0.000000,37.639892,"Default Known Flow Node","Known Flow",279572.979306,658258.146799,,0.000000,,,,,,,,0.000000,0.000000,,"",,,,,,,
"64403500011870","Nodes",,0.000000,30.887338,"Default Known Flow Node","Known Flow",279742.541526,657981.743643,,0.000000,,,,,,,,0.000000,0.000000,,"",,,,,,,
"64403500011871","Nodes",,0.000000,30.887338,"Default Known Flow Node","Known Flow",279752.461323,658012.981918,,0.000000,,,,,,,,0.000000,0.000000,,"",,,,,,,
"64403500011872","Nodes",,0.000000,30.887338,"Default Known Flow Node","Known Flow",279755.520630,657988.628608,,0.000000,,,,,,,,0.000000,0.000000,,"",,,,,,,
"64403500011876","Nodes",,0.000000,37.639892,"Default Known Flow Node","Known Flow",279554.269294,658241.260755,,0.000000,,,,,,,,0.000000,0.000000,,"",,,,,,,
"64403500011874","Nodes",,0.000000,37.798815,"Default Known Flow Node","Known Flow",279595.477905,658167.049577,,0.000000,,,,,,,,0.000000,0.000000,,"",,,,,,,
"64403500000011","Nodes","Logger ID: 9194 - 9, Nagle Gardens",0.000000,29.706540,"Val Log Cath","Known Flow",278629.443808,657945.669877,,0.000000,,,,,,,,0.000000,0.000000,,"",,,,,,,
"64403500000005","Nodes","Logger ID: 10100, No 39, Shawstanefoot Road",0.000000,32.015099,"Val Log Cath","Known Flow",281485.833423,658245.323942,,0.000000,,,,,,,,0.000000,0.000000,,"",,,,,,,
"64403500000013","Nodes","Logger ID: 10380 - 13 Mains Crescent",0.000000,66.401925,"Val Log Cath","Known Flow",278344.248588,658141.842593,,0.000000,,,,,,,,0.000000,0.000000,,"",,,,,,,
"64403500000006","Nodes","Logger ID:9639 - 80, Bellside Road",0.000000,35.614971,"Val Log Cath","Known Flow",281036.268991,658361.880045,,0.000000,,,,,,,,0.000000,0.000000,,"",,,,,,,
"644035-000001","Nodes",,0.000000,74.077761,"Default Known Flow Node","Known Flow",278285.537570,658196.430856,,0.000000,,,,,,,,0.000000,0.000000,,"",,,,,,,
"644035-000002","Nodes",,0.000000,72.904464,"Default Known Flow Node","Known Flow",278330.100123,658160.369483,,0.000000,,,,,,,,0.000000,0.000000,,"",,,,,,,
"64403500000014","Nodes",,0.000000,40.574961,"Default Known Flow Node","Known Flow",280163.454271,658297.604255,,0.000000,,,,,,,,0.000000,0.000000,,"",,,,,,,
